{
  "base_coefficients": {
    "home_player_1_offensive": 0.0009263713692705677,
    "home_player_1_defensive": -0.002309748351627685,
    "home_player_1_archetype": 0.00043131840499358075,
    "home_player_2_offensive": -7.828988953944905e-05,
    "home_player_2_defensive": 0.000353250656242695,
    "home_player_2_archetype": -0.0004052987704517628,
    "home_player_3_offensive": 0.00024594672608596114,
    "home_player_3_defensive": 0.00038400243863402996,
    "home_player_3_archetype": -0.000572314893377067,
    "home_player_4_offensive": 0.0018509198797952646,
    "home_player_4_defensive": -0.0027380034106556017,
    "home_player_4_archetype": -5.828132156429392e-05,
    "home_player_5_offensive": 0.001827557574164714,
    "home_player_5_defensive": -0.000631052072310969,
    "home_player_5_archetype": 0.001453945747061627,
    "away_player_1_offensive": 5.477704886744949e-05,
    "away_player_1_defensive": 0.001038057587717626,
    "away_player_1_archetype": -0.0010774506722415183,
    "away_player_2_offensive": 0.0008761440587754613,
    "away_player_2_defensive": -0.0003243666905427629,
    "away_player_2_archetype": 0.0005078714593174952,
    "away_player_3_offensive": 0.0028636183846552695,
    "away_player_3_defensive": 0.0015869336286149808,
    "away_player_3_archetype": 0.00011742889455498265,
    "away_player_4_offensive": -0.002521926945524677,
    "away_player_4_defensive": -0.0025952350944847768,
    "away_player_4_archetype": 0.000452937614019369,
    "away_player_5_offensive": 0.0011952531835276183,
    "away_player_5_defensive": 0.0013652076537686562,
    "away_player_5_archetype": 3.409618548413147e-05,
    "intercept": -0.0032390956346498466
  },
  "archetype_interactions": {
    "archetype_1_1_synergy": -0.00029643885156917,
    "archetype_1_2_synergy": -0.0009777149785698029,
    "archetype_1_3_synergy": -0.0012166630150643855,
    "archetype_1_4_synergy": -0.009651529945593863,
    "archetype_1_5_synergy": 0.0013641335586784791,
    "archetype_1_6_synergy": -0.00042341686408919237,
    "archetype_1_7_synergy": 0.0011072451448344439,
    "archetype_2_2_synergy": -0.0005313761428422253,
    "archetype_2_3_synergy": -0.001468320077839914,
    "archetype_2_4_synergy": -0.010220738851286633,
    "archetype_2_5_synergy": 0.0014274696083849,
    "archetype_2_6_synergy": -0.0007100384782247578,
    "archetype_2_7_synergy": 0.000759319270829223,
    "archetype_3_3_synergy": -0.00036376660095054927,
    "archetype_3_4_synergy": -0.007353699436130683,
    "archetype_3_5_synergy": 0.0014039114309275218,
    "archetype_3_6_synergy": 0.00015740060551978365,
    "archetype_3_7_synergy": -0.0001884960051414192,
    "archetype_4_4_synergy": -0.009220988820856221,
    "archetype_4_5_synergy": -0.005117399359478385,
    "archetype_4_6_synergy": -0.009264426926937498,
    "archetype_4_7_synergy": -0.00788639476814573,
    "archetype_5_5_synergy": 0.001633881891785375,
    "archetype_5_6_synergy": 0.001815539037877723,
    "archetype_5_7_synergy": 0.002716881354662606,
    "archetype_6_6_synergy": -0.0002200393202586254,
    "archetype_6_7_synergy": 0.00046977838003389846,
    "archetype_7_7_synergy": 0.0011904809929658747
  },
  "training_metrics": {
    "train_score": 8.66544700318661e-05,
    "test_score": -9.847751841673968e-05,
    "mse": 1.0012053763315576
  },
  "feature_columns": [
    "home_player_1_offensive",
    "home_player_1_defensive",
    "home_player_1_archetype",
    "home_player_2_offensive",
    "home_player_2_defensive",
    "home_player_2_archetype",
    "home_player_3_offensive",
    "home_player_3_defensive",
    "home_player_3_archetype",
    "home_player_4_offensive",
    "home_player_4_defensive",
    "home_player_4_archetype",
    "home_player_5_offensive",
    "home_player_5_defensive",
    "home_player_5_archetype",
    "away_player_1_offensive",
    "away_player_1_defensive",
    "away_player_1_archetype",
    "away_player_2_offensive",
    "away_player_2_defensive",
    "away_player_2_archetype",
    "away_player_3_offensive",
    "away_player_3_defensive",
    "away_player_3_archetype",
    "away_player_4_offensive",
    "away_player_4_defensive",
    "away_player_4_archetype",
    "away_player_5_offensive",
    "away_player_5_defensive",
    "away_player_5_archetype"
  ],
  "season": "2024-25",
  "trained_at": "2025-10-03T08:58:49.801833"
}