{
  "offensive_skill_impact": 0.0011952531835276183,
  "defensive_skill_impact": 0.0013652076537686562,
  "archetype_synergy_base": 0.05,
  "archetype_anti_synergy_base": -0.03,
  "lineup_balance_bonus": 0.02,
  "skill_variance_penalty": -0.01,
  "intercept": -0.0032390956346498466
}