{
  "k": 6,
  "silhouette_score": 0.44913831489684025,
  "calinski_harabasz_score": 185.47373216610498,
  "davies_bouldin_score": 0.4515688318024411,
  "inertia": 85.01371191812788,
  "supercluster_labels": [
    4,
    1,
    1,
    4,
    0,
    4,
    4,
    1,
    4,
    1,
    4,
    4,
    5,
    1,
    1,
    1,
    1,
    1,
    4,
    4,
    5,
    4,
    5,
    4,
    4,
    5,
    1,
    1,
    1,
    1,
    1,
    1,
    1,
    1,
    1,
    5,
    1,
    1,
    1,
    4,
    4,
    5,
    3,
    4,
    1,
    4,
    3,
    1,
    5,
    5,
    5,
    5,
    5,
    5,
    1,
    5,
    4,
    5,
    1,
    5,
    1,
    1,
    4,
    4,
    1,
    1,
    1,
    1,
    1,
    4,
    2,
    1,
    1,
    1,
    4
  ],
  "supercluster_centers": [
    [
      2.7450325540568103,
      -3.0595906244430413,
      7.0268031508263835
    ],
    [
      -0.4835292485304705,
      0.01215677311728476,
      -0.14039305518457829
    ],
    [
      21.732286424443853,
      -8.399723070021892,
      -2.0337267828218577
    ],
    [
      10.225602623410307,
      5.50609684045395,
      -0.5835016799485354
    ],
    [
      -2.7702353999427403,
      -0.6541862929200114,
      -0.32996342034141246
    ],
    [
      2.0113295248028504,
      0.9173030070514868,
      0.5344610500348301
    ]
  ],
  "supercluster_analysis": {
    "supercluster_0": {
      "name": "Three-Point Symphony",
      "size": 1,
      "percentage": 1.3333333333333335,
      "center": [
        2.7450325540568103,
        -3.0595906244430413,
        7.0268031508263835
      ]
    },
    "supercluster_1": {
      "name": "Half-Court Individual Shot Creators",
      "size": 35,
      "percentage": 46.666666666666664,
      "center": [
        -0.4835292485304705,
        0.01215677311728476,
        -0.14039305518457829
      ]
    },
    "supercluster_2": {
      "name": "Slashing Offenses",
      "size": 1,
      "percentage": 1.3333333333333335,
      "center": [
        21.732286424443853,
        -8.399723070021892,
        -2.0337267828218577
      ]
    },
    "supercluster_3": {
      "name": "All-Around with Midrange",
      "size": 2,
      "percentage": 2.666666666666667,
      "center": [
        10.225602623410307,
        5.50609684045395,
        -0.5835016799485354
      ]
    },
    "supercluster_4": {
      "name": "Chaos Instigators",
      "size": 21,
      "percentage": 28.000000000000004,
      "center": [
        -2.7702353999427403,
        -0.6541862929200114,
        -0.32996342034141246
      ]
    },
    "supercluster_5": {
      "name": "Up-Tempo Distributors",
      "size": 15,
      "percentage": 20.0,
      "center": [
        2.0113295248028504,
        0.9173030070514868,
        0.5344610500348301
      ]
    }
  },
  "total_lineups": 75,
  "models": {
    "scaler": "StandardScaler()",
    "pca": "PCA(n_components=0.9)",
    "kmeans": "KMeans(n_clusters=6, n_init=10, random_state=42)"
  }
}