matchup_key,count,off_archetypes,def_archetypes,w_pct,plus_minus,off_rating,pace,ast_pct,ast_to,ast_ratio,pct_fga_2pt,pct_fga_3pt,pct_pts_2pt_mr,pct_pts_3pt,pct_pts_fb,opp_tov_pct,opp_oreb_pct,supercluster_id
0_1_3_3_6_3_3_5_6_6,46,[0],"[1, 3, 3, 6, 3, 3, 5, 6, 6]",0.45823108322069084,9.75248283773362,110.9433409934942,101.35638953018349,57.046203834160444,1.5067459166215498,16.810715191492168,0.49863292857519353,0.3744376206853892,0.23925532180612533,0.3499415532694916,0.061891545035554156,14.297070819508313,26.558774375611897,4
0_1_3_3_6_3_3_4_5_6,29,[0],"[1, 3, 3, 6, 3, 3, 4, 5, 6]",0.3508425022893055,-3.477871732028497,105.37998602312236,103.21729354196427,57.5218537799288,1.6744084936670656,23.364043016157513,0.523947975790835,0.36306796216383397,0.14362444372364663,0.4113704838249216,0.08793415803374509,13.914604396924531,27.360009303979112,3
0_1_3_3_6_3_4_5_5_6,1,[0],"[1, 3, 3, 6, 3, 4, 5, 5, 6]",0.512177339011969,-7.499424532521672,101.53969093384664,100.66244210032147,54.460471669975256,2.124906868990646,20.76012143746817,0.4299168228722395,0.32254504081060564,0.13280913794991997,0.40737092955777465,0.07084966730344536,12.241568648756278,26.792704124846235,0
0_3_3_4_6_3_4_5_5_6,44,[0],"[3, 3, 4, 6, 3, 4, 5, 5, 6]",0.5102294417874328,-6.220433463971535,102.74306176073648,96.42012116714655,67.73221373066312,1.525241039341733,24.228137430124484,0.47490948279870154,0.31371999617472224,0.14327523686713722,0.3274495936881205,0.08785372393568414,15.839185661277357,21.961258093073965,1
0_3_4_6_6_3_4_5_5_6,13,[0],"[3, 4, 6, 6, 3, 4, 5, 5, 6]",0.3646414560121421,2.0073763822982116,108.22929115485823,104.93666414413357,68.67828490673644,2.38796578896907,22.380434202209216,0.6984835736648146,0.4925649865140183,0.20199865066898406,0.4287814062530383,0.10382352246610328,17.645425827753172,24.175601328962337,5
0_3_4_6_6_3_4_5_6_6,29,[0],"[3, 4, 6, 6, 3, 4, 5, 6, 6]",0.3115770635581918,5.264165058707997,119.91719598726802,95.45386240987366,64.20530542980535,2.4967982076417323,18.502835709691002,0.6308235060854424,0.5445450395988628,0.22595043997919556,0.36237650038951524,0.1054296294446818,14.575564056077061,20.298789339239296,1
0_0_3_4_6_3_4_5_6_6,24,[0],"[0, 3, 4, 6, 3, 4, 5, 6, 6]",0.46063868089468135,-5.969911696192376,116.16249411228416,104.4427823505831,51.074955537437475,2.1406303722457705,20.771177452463633,0.523997942253945,0.5074607773686288,0.2236468606295571,0.33784250452483333,0.1326885463725849,15.088993652145358,26.69714869325498,5
0_0_3_4_6_3_5_5_6_6,1,[0],"[0, 3, 4, 6, 3, 5, 5, 6, 6]",0.48077762797033374,-2.790372851276073,101.36521355910574,96.7253473581049,61.0612109112628,1.876948536827171,23.953962396955962,0.6898895750351722,0.35107748280509277,0.20497264446763966,0.3138089119311598,0.10699120325760914,14.351335424219261,29.512353717687144,2
0_3_3_4_6_3_5_5_6_6,16,[0],"[3, 3, 4, 6, 3, 5, 5, 6, 6]",0.3219202145540898,8.662208909783542,118.75702084315245,97.54425037121499,52.528866325687574,1.9215517145590124,19.125205738588857,0.42924025270112215,0.41040874215268197,0.2593470928680118,0.4364340399128396,0.12943027223881826,17.998729918100466,23.058682523611726,4
0_3_3_4_6_3_3_4_5_5,24,[0],"[3, 3, 4, 6, 3, 3, 4, 5, 5]",0.5334668432525825,-1.2458615634765402,106.81003873321754,104.29090531373375,59.37402754888975,1.7804811885381997,18.32344619611106,0.5571972582435131,0.34622069040885145,0.18059318935945504,0.48110788927025827,0.07119966741975171,17.583535196773347,27.158027243465416,4
0_3_3_4_6_0_3_3_4_5,1,[0],"[3, 3, 4, 6, 0, 3, 3, 4, 5]",0.4557354085164224,-8.168180958010884,117.54196683560774,101.2364337875516,62.76837463467946,2.227173698014769,18.971480749913194,0.5174910357963096,0.46869853741003503,0.12506734455354293,0.49639624047246067,0.071334096220279,12.457242723008445,22.4713797846034,0
3_3_4_6_6_0_3_3_4_5,58,[3],"[3, 4, 6, 6, 0, 3, 3, 4, 5]",0.6327598213607009,-0.6063378149903542,100.919373420519,96.31169191918548,68.4264013003025,2.4816793822466843,17.47263852574465,0.5643404493306141,0.5968260890979338,0.1278206082160548,0.3549691450093239,0.10633739375678251,15.522047783085148,24.57353847963856,1
3_3_4_6_6_0_3_3_5_6,60,[3],"[3, 4, 6, 6, 0, 3, 3, 5, 6]",0.4722549184237643,0.8320618137089819,106.09350525438768,100.91332021848794,50.72026339493305,1.9998617032991877,17.277613971819672,0.4631453550375289,0.3634596540592564,0.2979756381193716,0.42620688695716125,0.06547177430966182,16.01219447720259,20.888645822065897,0
3_3_4_6_6_0_3_3_5_5,34,[3],"[3, 4, 6, 6, 0, 3, 3, 5, 5]",0.5602022374284459,-4.785109932726437,118.65921995077309,95.73902832581526,65.987582136944,1.5372992050270389,16.150738129809113,0.510853932665339,0.5966028366811397,0.1550999416809871,0.3293538469923272,0.13557653249740576,14.112936203836469,28.49930530476246,1
3_3_4_6_6_0_3_5_5_6,15,[3],"[3, 4, 6, 6, 0, 3, 5, 5, 6]",0.5433932789884783,-6.777959517262837,119.9008379713174,95.10245335756775,67.52532661549338,1.6752750996338244,18.099208585816946,0.5455680025412041,0.5209873230209006,0.10925381662445832,0.3801564639321971,0.14062035731641567,17.65255090224552,27.161561587692372,1
3_3_4_6_6_0_4_5_5_6,11,[3],"[3, 4, 6, 6, 0, 4, 5, 5, 6]",0.5695451408330444,2.296453851953806,108.04852095768938,102.19959881406595,65.06744919315507,1.7247600318285805,15.701729262811499,0.607710201670232,0.4321460157408348,0.2937016633487425,0.3636225059966533,0.08779385596120044,12.485838493994756,28.976855789685587,2
0_3_3_4_6_0_4_5_5_6,24,[0],"[3, 3, 4, 6, 0, 4, 5, 5, 6]",0.4723082133565243,-3.646535594682341,100.3066100758762,102.85983998515594,67.24978615275775,2.3624457123820752,15.498483030015622,0.6946917163993926,0.42734501490278726,0.24344127059485154,0.44494344634722177,0.07820233852040319,14.77367140112695,23.36189835259999,5
0_3_3_4_6_3_3_5_5_6,36,[0],"[3, 3, 4, 6, 3, 3, 5, 5, 6]",0.47580002464422966,4.449889537697073,117.46003773181737,99.05293630785073,55.04377877609761,2.2162732471576922,20.46627039555631,0.5621173211895044,0.3717497627269515,0.15411854648951978,0.31873465552509433,0.06165074424854127,17.231900177690434,23.654535085932327,3
1_3_3_5_6_1_3_6_6_6,47,[1],"[3, 3, 5, 6, 1, 3, 6, 6, 6]",0.6279806240497788,4.018569980066246,104.74321573696294,95.63715858657488,60.626305119088315,2.3205867274300003,18.24654797924496,0.6137776962377622,0.573994533649323,0.25010733746197944,0.3853296319556464,0.10789076813483531,14.45083861528813,27.835472121950364,2
1_3_3_5_6_1_3_3_6_6,9,[1],"[3, 3, 5, 6, 1, 3, 3, 6, 6]",0.31508083802823605,-4.05420197005482,118.56179546822261,100.53442009998723,54.63043230401371,2.1085665200566823,21.55885745164279,0.437287725203862,0.44176553615495184,0.24811282026350892,0.40645423341748044,0.1428515983606977,13.381217141198093,21.594354900618598,4
0_1_3_5_6_1_3_3_6_6,49,[0],"[1, 3, 5, 6, 1, 3, 3, 6, 6]",0.34438848282287404,-2.4840353673851334,110.73857436321289,97.00409021487832,65.27021613080638,2.2477792679049835,21.16331580136664,0.4204334129877197,0.5863875053736595,0.173604840247032,0.3164360938951393,0.14251493239356353,17.886555792939927,24.337714489500723,1
0_1_3_5_6_1_3_3_4_6,17,[0],"[1, 3, 5, 6, 1, 3, 3, 4, 6]",0.41110951777479066,9.684130341940593,117.11237115804337,100.26488852282927,57.236200039721425,1.8279479901147662,15.50780320358706,0.48265522673471095,0.5115528361325806,0.1491112321368001,0.4368055116505367,0.13314615233025454,13.30759610995962,21.559643987912978,4
0_1_3_5_6_1_3_3_4_4,1,[0],"[1, 3, 5, 6, 1, 3, 3, 4, 4]",0.4692125797556152,-0.2836759675896938,104.6826724271661,100.72299755108924,57.23280319258013,1.8248307106830943,15.578090653841928,0.5967879828982304,0.42125712519475755,0.1406751047548862,0.3946979557317706,0.09068522072454052,17.098258448625817,23.76578213323172,3
0_0_1_3_5_1_3_3_4_4,22,[0],"[0, 1, 3, 5, 1, 3, 3, 4, 4]",0.5923682080964614,-1.644731244104951,118.57322968301125,98.62747789595208,58.62883874887329,2.454311110323535,18.228459502386713,0.5861223789100766,0.4332920157722841,0.14284444200550092,0.49107193860834525,0.10279673007332625,16.331741058706136,22.19216729526547,0
0_0_1_3_5_1_3_4_4_6,1,[0],"[0, 1, 3, 5, 1, 3, 4, 4, 6]",0.4393078555594736,2.607484990197011,100.66267667001951,103.65583026929434,59.790244373845994,1.8351378212651417,15.42469848070146,0.4287040452768144,0.4172437967442534,0.12147775532571273,0.4260036496997801,0.10999675144607446,12.530607131821178,29.953577723860597,2
0_0_3_4_5_1_3_4_4_6,9,[0],"[0, 3, 4, 5, 1, 3, 4, 4, 6]",0.48061098012333436,0.6895959864018741,107.14582035358424,98.2572291782903,69.94689651651672,1.6389207166435806,17.607395540735805,0.4307357539383734,0.3650940772336525,0.11733194635071476,0.3782205584991346,0.08995275032936864,17.075250448057666,24.93910815466479,1
0_0_3_3_4_1_3_4_4_6,18,[0],"[0, 3, 3, 4, 1, 3, 4, 4, 6]",0.6591533383911721,1.0301687461495646,118.0862287010501,98.84065193837083,59.09257298447088,1.906102215296079,23.102011355119995,0.6688276793092061,0.43102353837268387,0.15570659464640152,0.43638886644297364,0.07245563663290908,12.894178667336126,28.987072432863446,2
0_0_1_3_3_1_3_4_4_6,12,[0],"[0, 1, 3, 3, 1, 3, 4, 4, 6]",0.5653032746620111,1.6896499607362325,109.0030744488414,103.7085218942956,51.46484190319124,2.19689044904318,22.371424435780163,0.45726993249827746,0.5280337107951621,0.21844231849821164,0.3651691201079074,0.12853509122944082,14.517677879418441,27.73183520433017,5
0_0_1_3_3_1_3_3_4_6,19,[0],"[0, 1, 3, 3, 1, 3, 3, 4, 6]",0.5974178832762523,5.992862289639307,115.74416585703496,98.48495206208084,54.07232459481613,2.1545292179585807,18.942443129346888,0.503625143106797,0.44304491972161686,0.13303519164300817,0.456084393608321,0.12431785306817489,15.925156306380813,21.86778108298842,0
0_0_1_3_3_0_1_3_3_6,60,[0],"[0, 1, 3, 3, 0, 1, 3, 3, 6]",0.42071410344242094,5.693260289618025,104.53866941326096,95.8492508598521,58.95602895760598,1.8120659817150648,15.359301660732042,0.5166525081452682,0.5192294777670488,0.16315497671706494,0.4676462605048802,0.054312461694212937,13.851806718210716,22.92663647076711,4
0_0_1_3_3_0_3_3_6_6,8,[0],"[0, 1, 3, 3, 0, 3, 3, 6, 6]",0.42776398583014275,-2.9163992115268877,100.3337116846254,103.45880641372432,69.33925594525377,2.4495175100649176,15.168524991733399,0.4060993256052987,0.4925659122976727,0.22322012356011606,0.3863691531927749,0.06968288727894865,17.997206312094512,20.5390935649978,1
0_0_3_3_6_0_3_3_6_6,2,[0],"[0, 3, 3, 6, 0, 3, 3, 6, 6]",0.6741263007249078,0.9759595230184215,102.01654918526432,96.7318554204672,50.86041663865103,1.6987751174364134,22.72228777197091,0.6722018195462757,0.4454648125436148,0.29857004935782866,0.3712099788483029,0.10726283175842709,12.093846539070991,26.802626612470746,2
0_1_3_3_6_0_3_3_6_6,111,[0],"[1, 3, 3, 6, 0, 3, 3, 6, 6]",0.6695779588563329,4.1999812899072815,118.78794274861718,95.48023634603005,69.31161963904447,2.0230827867823855,19.192940098464664,0.6477019994229714,0.3706603955996225,0.13361306746251403,0.43851914357054184,0.0930238681545556,14.7590197644992,24.782695435071503,2
0_1_3_3_6_0_3_3_4_6,6,[0],"[1, 3, 3, 6, 0, 3, 3, 4, 6]",0.35882824285450343,3.463883420597258,117.59252376932778,102.73859456818127,54.68214933280427,1.7989530300835226,15.675054690769855,0.5367652877161022,0.33650493100250617,0.2219057207227149,0.4931643518692782,0.14918080948577464,12.017298314249647,26.569237408208238,4
0_0_1_3_3_0_3_3_4_6,1,[0],"[0, 1, 3, 3, 0, 3, 3, 4, 6]",0.5153087971292465,-0.77126798800774,110.5746637479673,104.33518582637537,54.189649823264645,2.1870497356266743,16.42877429033172,0.4890839495063922,0.5691436784719873,0.2941277354164386,0.3037936237444518,0.1356728352383192,16.660255248493996,21.822986264010922,5
0_0_1_3_5_0_3_3_4_6,24,[0],"[0, 1, 3, 5, 0, 3, 3, 4, 6]",0.6075269816198642,-5.6840501516749224,103.23668305507645,102.74812657526577,62.75738387238562,2.158367378928908,18.554741355116604,0.6985473093754535,0.5547658351582745,0.23001500320095308,0.44697433381952195,0.10525511405547658,13.939685657351902,27.457744962029558,5
0_0_3_3_5_0_3_3_4_6,17,[0],"[0, 3, 3, 5, 0, 3, 3, 4, 6]",0.591122534343256,1.1259871501470364,103.36400532855619,97.17951090828194,66.19580867748557,2.0951084433662404,16.446511210809188,0.5092074975932559,0.5122350497024831,0.16574602506691374,0.4971073933491122,0.08838210494488391,13.266943465879997,23.753581821760264,1
0_0_3_3_5_0_3_4_6_6,29,[0],"[0, 3, 3, 5, 0, 3, 4, 6, 6]",0.3330985777455653,-2.6959100493418076,100.51860401566941,104.92070784624133,57.25792913746953,2.38431094617922,20.756793810957333,0.5978640818905739,0.4627245802172202,0.12473070406597231,0.45454464128975114,0.0847425623561356,17.80207391785603,23.776986057701244,3
0_1_3_3_5_0_3_4_6_6,62,[0],"[1, 3, 3, 5, 0, 3, 4, 6, 6]",0.3218797342533716,6.7033768950728945,106.49883561570411,100.33374954100468,62.83947841462566,2.137935981690681,23.902996242923166,0.46438335966736227,0.42574052162908493,0.20214501949189756,0.382676045349188,0.12318225425466267,17.423282696605504,28.97452394829917,3
0_1_3_3_5_0_4_6_6_6,1,[0],"[1, 3, 3, 5, 0, 4, 6, 6, 6]",0.5279615672206173,-0.8099954909968732,108.15747197376479,99.84251629119943,58.97724493805716,2.110632208011932,21.711677917805876,0.6625051091270586,0.4290390540247531,0.12678713806803493,0.3499812725703886,0.08208806570451316,12.593846121345509,26.322219513037922,2
0_0_1_3_5_0_3_4_6_6,13,[0],"[0, 1, 3, 5, 0, 3, 4, 6, 6]",0.6854191387795826,-6.5301660854507055,105.32023145689477,97.82619661414562,55.02235773317929,2.337785400325769,22.15800512707132,0.6559677131175822,0.309018916413977,0.10385314598047307,0.3990307995266832,0.10857422627385171,16.546783288209514,21.99740871474318,0
0_0_1_3_5_0_0_3_4_6,1,[0],"[0, 1, 3, 5, 0, 0, 3, 4, 6]",0.45840224128290763,9.12135206996724,101.94981170688848,102.23425733058397,63.790260764200625,1.6713663053483936,20.505925382392004,0.5917335942544669,0.3713441512782971,0.26626651179592925,0.4566122277105631,0.08553661761893816,15.303164105716267,24.632676192099517,4
0_0_1_3_5_0_0_4_4_6,2,[0],"[0, 1, 3, 5, 0, 0, 4, 4, 6]",0.48275044907292713,-1.3913771453556145,111.08031274245727,102.31470279189432,55.95808021209622,2.1917411048446027,15.719270562007175,0.6629401274090492,0.30593647707140387,0.2452134653472993,0.4686205561442361,0.13511925092216875,16.322262777136952,22.010657127795287,5
3_3_4_6_6_1_1_3_3_6,49,[3],"[3, 4, 6, 6, 1, 1, 3, 3, 6]",0.5688427183300967,-6.588753512156014,108.40243997336653,95.812055252681,58.59589823215889,2.0285570688597274,15.884821954666744,0.5254066640755335,0.31752623364899785,0.29568100312142576,0.3807831008861396,0.13563311858512409,12.977484395938678,24.252281480059793,0
3_3_4_4_6_1_1_3_3_6,10,[3],"[3, 4, 4, 6, 1, 1, 3, 3, 6]",0.6144768295086899,8.234663069719543,102.04935452725151,96.850872059587,64.25456152090767,1.6246445690502829,23.56669039021995,0.4594148112439303,0.41287285063772317,0.20690623380168688,0.4374915235657857,0.060053113193130385,16.610674979221926,29.26006857340122,2
3_3_4_4_6_1_3_3_4_6,5,[3],"[3, 4, 4, 6, 1, 3, 3, 4, 6]",0.6573593985173041,-1.6233033300228739,117.78947817368488,101.38355332526069,65.50902178327019,1.906868039255639,24.72918119057208,0.5559643509704999,0.5447209430448746,0.1275791861915739,0.30740311104172097,0.10062528919501851,14.548816400531997,24.40865611537894,1
3_3_4_4_6_0_1_3_4_6,17,[3],"[3, 4, 4, 6, 0, 1, 3, 4, 6]",0.5188820895902464,-6.846709734912904,116.83800525947403,95.0460355440984,68.44238323995417,2.440960902529059,19.231058353512303,0.47277621591917274,0.517618151003668,0.1458349943056253,0.3890210608601622,0.08554209649969599,14.62830121907203,24.728014805141502,1
3_3_4_4_4_0_1_3_4_6,1,[3],"[3, 4, 4, 4, 0, 1, 3, 4, 6]",0.5549778398806168,1.6477648151139213,103.79926648200967,104.79328782544317,52.163076096327835,2.4751551572197528,20.18332000496863,0.6492472503087684,0.4801995956671848,0.1614049826600485,0.3821905537465264,0.08161539996910396,14.449792491496105,22.179547818470237,5
3_3_4_4_4_0_0_1_3_4,7,[3],"[3, 4, 4, 4, 0, 0, 1, 3, 4]",0.5911257968529675,7.115019955584376,113.69993345784029,104.3450557677408,66.61096380965228,1.9900202532739228,21.285505353679078,0.4852093752193031,0.5438137712569806,0.2902200229809179,0.4652386732826552,0.10336842532308274,14.828680213655419,26.58389865398037,4
1_3_3_4_4_0_0_1_3_4,18,[1],"[3, 3, 4, 4, 0, 0, 1, 3, 4]",0.6931341920696656,-5.798096725719175,119.64312471720417,96.78747730780641,69.15278356947253,1.707893757309009,23.809607069271774,0.5700494883401129,0.47385612044061376,0.13876007219387146,0.42928125435118175,0.09542529428269389,17.80765606841053,23.94656342798044,1
0_1_3_4_4_0_0_1_3_4,1,[0],"[1, 3, 4, 4, 0, 0, 1, 3, 4]",0.6557777859916529,6.835914277877457,110.85613385526501,97.84876284208376,66.10314823679562,1.8744269163411365,18.376301592630796,0.43255152338911956,0.5290059088696645,0.24990280672212709,0.3705899345247376,0.116688328408468,13.456777253459126,22.55758846525211,1
0_1_4_4_6_0_0_1_3_4,62,[0],"[1, 4, 4, 6, 0, 0, 1, 3, 4]",0.3822012877400014,0.7807105758755606,113.27347890089861,102.0075103213716,51.232284308022784,1.8832430911090428,15.005137285584414,0.431372775796187,0.43806390350464924,0.15094604313826449,0.34033380413606823,0.05967189973198324,13.029492625078571,20.961084803024896,0
0_1_4_4_6_0_0_1_1_3,13,[0],"[1, 4, 4, 6, 0, 0, 1, 1, 3]",0.3546390365982675,0.4346191864128368,111.25542869204749,104.42428134303296,68.21481388724474,2.0966215845698235,20.121238806246232,0.5679165953125914,0.589699282695004,0.2942517942923553,0.37430356759889083,0.09541543552954836,15.364602384467688,26.72135437409294,5
0_1_4_6_6_0_0_1_1_3,28,[0],"[1, 4, 6, 6, 0, 0, 1, 1, 3]",0.5983842722364179,-7.134205787194421,115.29273745350801,98.33414526075174,51.53770810359674,2.3251751793074105,21.16676941177656,0.56764760593796,0.5776279787197431,0.2814849747781634,0.3008737177483046,0.12334985938146639,13.842816217765506,28.624118015981562,5
0_1_4_6_6_0_1_1_3_6,15,[0],"[1, 4, 6, 6, 0, 1, 1, 3, 6]",0.540337053938744,-0.9703271581909112,112.33110744067143,98.8965258477347,68.33309606017262,1.5505243003458649,23.887594710588466,0.5333270024258676,0.5115492062593361,0.2961070635579797,0.4792823147160146,0.12917989469169178,12.649941536350163,27.291513411718537,4
0_1_3_4_6_0_1_1_3_6,2,[0],"[1, 3, 4, 6, 0, 1, 1, 3, 6]",0.620014865955212,8.139757466433839,107.13404706514484,101.00109074392157,58.96207560627102,1.645980600029414,21.656924561005038,0.6851091841223497,0.5851718552058178,0.2849443896909729,0.4776988027728352,0.11690530567172275,12.226853151232596,21.2822593353783,4
1_3_3_4_6_0_1_1_3_6,94,[1],"[3, 3, 4, 6, 0, 1, 1, 3, 6]",0.3205053682449009,-1.2046591069788137,103.7615844079735,104.4299105833905,53.36278068301783,1.8753871465073764,19.060381817560184,0.45348884739228124,0.34012419483338807,0.25210034877190934,0.4338064950508448,0.14383291194130954,16.77249318817141,21.289498454528363,3
3_3_4_4_6_0_1_1_3_6,49,[3],"[3, 4, 4, 6, 0, 1, 1, 3, 6]",0.3766544522893288,-3.6402456366028546,102.50628296326505,98.38852505265251,50.86230515416708,1.6341338005093164,23.872998810182402,0.4963325661513496,0.37778771410433615,0.1261372387000264,0.4110459977488635,0.0827115431218669,12.496999147953225,20.70054649675737,0
3_3_4_6_6_0_1_1_3_6,58,[3],"[3, 4, 6, 6, 0, 1, 1, 3, 6]",0.5365261583493968,-1.910137057495418,115.82353228763056,97.50124431203247,68.6908835018521,1.8695589785347242,17.271704614938592,0.5701449658794033,0.4832177095412204,0.209193829015525,0.47501970783270414,0.08685023634276466,15.979773598684188,22.853297022708453,1
1_3_3_4_6_0_1_3_4_6,1,[1],"[3, 3, 4, 6, 0, 1, 3, 4, 6]",0.68635383291168,-9.392307637698657,115.31211503441425,97.97800714286917,64.18279581687729,1.880865501074736,23.894170300556237,0.6855711919102412,0.349059637272768,0.1455224444914166,0.36537249850137715,0.05054154268443363,15.323494064185725,28.02543962625218,2
1_3_3_4_4_0_1_3_4_6,25,[1],"[3, 3, 4, 4, 0, 1, 3, 4, 6]",0.39181079017761306,-1.4053211025057433,104.69880006812626,100.73231824613485,61.713024287501945,1.6417836940965842,20.114351577797684,0.46013105938178467,0.45026920374352697,0.19187386717456084,0.4099044369506233,0.05617444444998909,12.560158760481675,21.60425917127161,4
1_3_4_4_6_0_0_1_3_4,18,[1],"[3, 4, 4, 6, 0, 0, 1, 3, 4]",0.5246738221791669,0.07193745239930882,104.81072962477933,103.65174085178879,60.41305877157566,1.7983109725990305,20.874899868735728,0.5105180884917278,0.37726597615529184,0.2565260338234477,0.365638171346656,0.06823644663677084,16.601988993948467,23.361650963146715,3
1_3_3_6_6_1_1_3_3_5,49,[1],"[3, 3, 6, 6, 1, 1, 3, 3, 5]",0.6884995082644945,0.2317318206615715,109.53312406737692,96.99328764602636,68.5701294746384,2.068073630787407,15.506051811436585,0.40488836639342707,0.3221167128785297,0.193535207714786,0.46262418793084764,0.11575199932639689,17.824536085873145,26.332586346064808,1
1_3_3_4_6_1_1_3_3_5,1,[1],"[3, 3, 4, 6, 1, 1, 3, 3, 5]",0.53527297979219,2.4227541073516234,108.57761177099972,99.78593122948315,69.24705495739684,1.5154422555638498,21.494247361906325,0.5413723355820578,0.3560117909750185,0.1619739059722539,0.3824511352508413,0.12821036867542715,15.118062635487826,21.60320030307629,1
1_3_3_4_6_0_1_1_3_5,3,[1],"[3, 3, 4, 6, 0, 1, 1, 3, 5]",0.4150045714639212,4.694337821269389,106.49157210000016,101.21446637288366,54.00287401847237,1.789747338737412,20.749957940449168,0.6167132958315633,0.4583187613814662,0.20169514339613823,0.3371552518404463,0.13780578574388583,12.189893783827335,25.860637848481606,2
1_3_3_4_6_0_1_3_5_6,7,[1],"[3, 3, 4, 6, 0, 1, 3, 5, 6]",0.44992264399419524,-7.975418221197524,116.8246552905817,97.91376003737989,64.11807207045928,2.3035271378410536,15.645831371071793,0.4538564875447423,0.3452769405633431,0.19556495128499168,0.4914758282468417,0.052635394496205384,13.822463617616458,21.119716148328042,0
3_3_4_4_6_0_1_3_5_6,1,[3],"[3, 4, 4, 6, 0, 1, 3, 5, 6]",0.3619429759441962,0.09310259837949753,116.71416230549234,95.7426921190362,67.43553888748792,1.7717379999904066,18.53929838150856,0.6715338458965524,0.3879268954462425,0.13613654555873086,0.38393448746016,0.09700160730628446,13.77655816357242,21.125721183680863,1
0_3_4_4_6_0_1_3_4_6,22,[0],"[3, 4, 4, 6, 0, 1, 3, 4, 6]",0.5329586624807029,-6.8303242124587875,116.10895538673263,95.26598721805576,55.51407814399011,1.8638615638543596,16.390201993203405,0.6749403727764687,0.5832228024611419,0.1848886098209247,0.3472012213345622,0.0878137642380687,15.324387892897548,23.795820863796173,1
0_3_4_4_6_0_3_3_4_6,1,[0],"[3, 4, 4, 6, 0, 3, 3, 4, 6]",0.3007294889553896,7.696592495718477,101.77719411377862,101.2755821376156,60.47638348106933,1.7642280139644848,16.783019042005826,0.49710627421584347,0.5058342527002027,0.1954550336464907,0.4736733268105495,0.12808072647434676,14.685093002559865,24.50226492546442,4
0_4_4_6_6_0_1_3_4_6,11,[0],"[4, 4, 6, 6, 0, 1, 3, 4, 6]",0.4749428715144825,-7.31366981770273,118.66110919070107,97.89292367524293,52.981529387988346,1.556770230139444,23.744297107003042,0.5026343889639694,0.35795276372985063,0.228132641618148,0.43438809029972464,0.12135835495737851,13.193329884671133,26.518181646120784,4
0_1_3_4_6_0_1_3_4_6,31,[0],"[1, 3, 4, 6, 0, 1, 3, 4, 6]",0.5164509678123539,9.412400860237828,103.4000781731678,95.8878295472039,56.577127722205795,1.9488934399273052,18.565890583585926,0.40121989959502463,0.3956076838436775,0.24707123401639908,0.42671305530884274,0.10454868609751128,17.016454909219643,26.578405186594324,4
1_3_4_4_6_0_1_3_4_6,16,[1],"[3, 4, 4, 6, 0, 1, 3, 4, 6]",0.6091096530537253,5.097601565000998,118.4478142366766,101.57502428763542,66.24073964522618,2.409673133091089,19.631328795400304,0.5914690971002932,0.3691787481308481,0.12755720143740593,0.33573660619887497,0.12399527981918591,12.6838749005808,28.278238926558082,2
3_3_4_4_6_0_1_1_4_6,1,[3],"[3, 4, 4, 6, 0, 1, 1, 4, 6]",0.3516266888342947,0.5716126796917376,106.86148270899162,96.76169572441451,66.11407400945546,2.3442943244200016,15.005171268649972,0.6650139252337491,0.36846800902946986,0.29775823960656805,0.4199227243826853,0.07927792977846443,17.832883013204537,27.794821513971744,4
3_3_4_4_6_0_1_1_5_6,12,[3],"[3, 4, 4, 6, 0, 1, 1, 5, 6]",0.6729392061263348,3.2407003467322704,116.86168001209083,101.61607222486191,53.23334149896221,2.4276337747131502,22.215163531693225,0.42410313095575974,0.3266573991195684,0.10133877589930494,0.3843866209698304,0.05198361021712711,12.913247475803674,21.47394088173612,0
3_3_4_4_6_1_1_3_5_6,12,[3],"[3, 4, 4, 6, 1, 1, 3, 5, 6]",0.4886450775968989,7.922938512974862,112.07687633545791,96.70216736128442,57.754551231594675,2.150737231281633,22.841155993976102,0.6821469901347906,0.43806090920449947,0.11386472767334176,0.4696361474914173,0.06172343768993282,16.721314726391483,28.908180757359798,2
1_3_4_4_6_1_1_3_5_6,27,[1],"[3, 4, 4, 6, 1, 1, 3, 5, 6]",0.5390249841443158,6.66383363769758,105.7333809511651,96.52108492306951,69.52445103870147,2.273597290821874,24.41613258331756,0.6407198034626921,0.383796675252989,0.21558047863300558,0.3053634388095629,0.11430937584889866,16.358103433557567,28.64578587475629,2
1_3_4_6_6_1_1_3_5_6,1,[1],"[3, 4, 6, 6, 1, 1, 3, 5, 6]",0.45326049490303494,-9.570291193971293,109.88509836416884,101.15390089998195,63.50665361414412,2.3318770460002707,17.159315189512483,0.680882775826817,0.5340549717457365,0.1804309521657272,0.47591985074395077,0.09310749229694787,16.363448241547687,25.005921987857786,5
1_3_3_6_6_1_1_3_5_6,17,[1],"[3, 3, 6, 6, 1, 1, 3, 5, 6]",0.4974941712399826,-3.2341512345828316,119.20634334738226,99.70486385441454,56.53909362139873,1.827032373282182,17.412649020347395,0.5579918050711307,0.5700665571319353,0.25535029019578653,0.48334757761671415,0.051351240168709816,13.682375709768431,27.701677060193813,4
3_3_4_6_6_1_1_3_5_6,32,[3],"[3, 4, 6, 6, 1, 1, 3, 5, 6]",0.3747151881795747,-0.6761287901423052,113.69775524515545,104.40502769000695,52.24462237275671,1.8910083629013572,18.24008579433961,0.6287266254405665,0.44742759621579703,0.21418180914228446,0.44169013804348156,0.1482264125782612,17.887380470639396,23.773072978038932,3
3_3_4_6_6_0_1_1_5_6,63,[3],"[3, 4, 6, 6, 0, 1, 1, 5, 6]",0.5884034783194271,8.416182009629408,114.13118610071494,95.2628827731162,53.49890392694969,2.1308243402588847,20.866340174591226,0.6141097093441674,0.43641687839015686,0.12296792029692803,0.3337169339736506,0.09492636928207811,17.392167983167,20.75448698863124,3
3_3_4_4_6_1_1_4_5_6,17,[3],"[3, 4, 4, 6, 1, 1, 4, 5, 6]",0.697672171330687,-0.41336641347383907,105.28478701643282,103.12982288117854,66.43855777940327,1.735563730266326,17.857551705400216,0.5333176697240931,0.4338562583848282,0.2079679248976223,0.31040185425986616,0.05596408876864777,12.678985824387746,29.670229685026573,2
0_3_4_4_6_1_1_4_5_6,66,[0],"[3, 4, 4, 6, 1, 1, 4, 5, 6]",0.5214801407204976,3.24525694221633,115.19821158245452,95.62130849513639,56.45550243646598,2.2952500480262454,21.312979871494957,0.6918426096713975,0.4390860620766168,0.207987626547573,0.40065178853459316,0.08405013656115412,17.346021969852078,23.27434678103207,0
0_3_4_4_4_1_1_4_5_6,18,[0],"[3, 4, 4, 4, 1, 1, 4, 5, 6]",0.5031926859144573,6.500060008355478,115.08762424484586,98.84328910022897,61.155468850029465,2.461595771850332,20.252888510941805,0.47967204853046885,0.43414368894484895,0.2802172525003543,0.4480870973430676,0.1465919894128208,14.754250586334607,26.115942115978196,4
0_3_4_4_6_1_1_5_6_6,10,[0],"[3, 4, 4, 6, 1, 1, 5, 6, 6]",0.5961284594842912,-3.2705534310863937,100.27441290127595,101.29568792487441,50.57460408894067,2.3153363339870534,15.548812370203429,0.4947217349608253,0.3783953129968447,0.2707923578052685,0.36065671957450784,0.13777889019799247,15.355765405754457,23.728761951075956,5
0_3_3_4_6_1_1_4_5_6,46,[0],"[3, 3, 4, 6, 1, 1, 4, 5, 6]",0.4988416920897636,4.571057205862501,107.24697467813058,100.3250173412282,59.617316994228396,2.0023910586565297,15.935641091979555,0.5641804566622611,0.3406933605975588,0.2641551784169772,0.43624310465431,0.12805439552887557,15.265027839247875,22.323315730013316,4
0_3_3_4_6_1_4_5_6_6,5,[0],"[3, 3, 4, 6, 1, 4, 5, 6, 6]",0.4157944846892173,-1.9660190873316452,104.9075778492857,95.73569564562104,61.46901857975188,1.9134889176583227,19.482770933465098,0.4559792619917675,0.4846559927734598,0.18696448497575432,0.3278568127297214,0.13030733486394583,13.003176947968743,20.328154793770743,1
3_3_4_4_6_1_4_5_6_6,1,[3],"[3, 4, 4, 6, 1, 4, 5, 6, 6]",0.3868803120283002,1.2428839234996247,115.00924760306887,101.01733181679775,68.46248438504298,2.4826586301637072,16.490103519740845,0.6717200880786662,0.36782844610206883,0.16993889015121522,0.3099718367929335,0.07360801712278721,12.63483306907808,29.543646957201762,2
1_3_3_5_6_1_3_3_3_6,49,[1],"[3, 3, 5, 6, 1, 3, 3, 3, 6]",0.3034147511691143,0.9453410692761999,118.19118047199878,104.1116260218276,68.26573514821526,2.075350471713195,22.0982007814547,0.4303110964766673,0.5955447310051696,0.18964221194775377,0.49330893545919824,0.1112605675537624,16.562505230811574,23.455738387801652,4
1_3_3_4_6_1_3_3_3_6,1,[1],"[3, 3, 4, 6, 1, 3, 3, 3, 6]",0.5640176693504605,-6.46118124872725,102.4054935790589,101.65732730495276,55.0863250458815,1.7687464982610275,19.249503952684858,0.6615226594330984,0.5059453661421509,0.2050944634967736,0.4315644223118493,0.08428170148067021,13.34314474393593,23.987238838978897,5
0_3_3_4_6_1_3_3_3_6,1,[0],"[3, 3, 4, 6, 1, 3, 3, 3, 6]",0.3646591897303184,-4.913786708077845,118.14023438795965,100.5944593610911,53.377026154055464,1.6729435622375703,22.791850301783192,0.5114642309811913,0.5030632272756735,0.11538638758359093,0.4898631719053671,0.07486919500490287,17.426304201394895,27.493005172975064,4
0_3_3_4_6_1_3_3_5_6,1,[0],"[3, 3, 4, 6, 1, 3, 3, 5, 6]",0.42268226997938946,7.266529677526574,116.62313896147778,97.23502734362577,69.45993740865784,1.9908451735192005,16.45296741908009,0.6220223337403514,0.4265094300614636,0.13171790607494846,0.3153753436472671,0.11498286211749917,15.012307035337287,24.536452594151047,1
0_3_3_4_6_1_3_5_6_6,4,[0],"[3, 3, 4, 6, 1, 3, 5, 6, 6]",0.5609705470618487,0.055009877347851344,103.29493910000716,98.59473836152767,52.96142927040737,2.0133747380111946,16.039338636907875,0.4256458698773508,0.3382899721114588,0.13342573271258368,0.374884022408553,0.08351713249561854,13.541997926999532,27.213721340658044,2
0_0_3_4_6_1_3_5_6_6,7,[0],"[0, 3, 4, 6, 1, 3, 5, 6, 6]",0.6314954249954874,4.8596217541989795,113.87841519257755,96.86430518307455,69.0956762699883,2.4173127795501763,17.28914911124456,0.6902476932488237,0.48287037710450786,0.1670788778809375,0.4698009729891708,0.1480166632780017,15.336833389728591,22.427819336215837,1
0_0_3_3_4_3_4_5_6_6,31,[0],"[0, 3, 3, 4, 3, 4, 5, 6, 6]",0.5793506382805256,-2.554110988205389,105.0054813301432,102.42814531713725,65.87229778724917,1.9897205169954475,24.3036188984792,0.6276705229371627,0.4505020575821221,0.2701112669199153,0.36358101927601943,0.10398375369925515,15.28705128382818,27.864216036671742,2
0_0_3_4_5_3_4_5_6_6,7,[0],"[0, 3, 4, 5, 3, 4, 5, 6, 6]",0.5404785874855126,-0.809090286745664,119.82607386802218,101.907465413941,59.614509875404366,1.613924352402644,15.455233100925037,0.415141007742938,0.49255740894324557,0.2652139978170901,0.36179757542751795,0.08845973385969992,15.430696609041524,23.5307061990971,4
0_0_3_4_5_3_3_4_5_6,56,[0],"[0, 3, 4, 5, 3, 3, 4, 5, 6]",0.6633897910985201,4.821455879813666,118.10823979290063,95.66422540955533,64.78892487515056,2.0542099421321045,17.984710857754344,0.607284121918515,0.3588730015399971,0.2990329242361123,0.48619304954228926,0.14272259553294014,15.354179120580211,29.501204536785597,4
0_0_3_3_4_1_3_5_6_6,15,[0],"[0, 3, 3, 4, 1, 3, 5, 6, 6]",0.5712576664922877,8.35820209349074,110.73368029390969,101.75264715223832,60.96213711632997,2.4078741488725925,24.026372821838272,0.6551930450703185,0.3276760711375901,0.15624382453325497,0.317050460074637,0.11397041377353154,15.342310615217743,28.911841598183965,2
0_0_3_3_4_1_3_3_5_6,51,[0],"[0, 3, 3, 4, 1, 3, 3, 5, 6]",0.6406338924743629,-1.156420420055153,115.34914464102509,102.3375913970791,58.307619983219034,2.08958000359295,22.809549423035076,0.4610745406732809,0.42397881685259853,0.18961575175622794,0.329178431810879,0.09216598172628578,12.774257204497852,24.012345474110123,5
0_3_3_4_5_1_3_3_5_6,1,[0],"[3, 3, 4, 5, 1, 3, 3, 5, 6]",0.6752375191931318,2.4697593163877696,107.63722230335478,100.51633701716587,62.66909693371779,1.739869228747363,20.763758098227694,0.6379056996431044,0.5699051530996089,0.18989979585093747,0.39239232601283663,0.07416880926895918,12.83010592090362,25.4339691790447,2
0_3_3_4_5_1_3_4_5_6,86,[0],"[3, 3, 4, 5, 1, 3, 4, 5, 6]",0.361663885028169,1.9352277291404207,114.4248737463536,97.97616948737826,50.58632291850538,1.6205359618078317,15.160935145859082,0.5788916448158262,0.40979692532530193,0.13382811049078452,0.3584034880092181,0.12848496719045663,15.669322821125466,29.07051048754252,3
0_0_3_4_5_1_3_4_5_6,85,[0],"[0, 3, 4, 5, 1, 3, 4, 5, 6]",0.36259998378041086,2.902301654658068,118.30492864445483,104.86198491365278,68.52285170676014,1.563420405106967,17.719643127154054,0.5699405707214664,0.5028320255558774,0.2576937347487739,0.47605204825699676,0.09079834389428687,14.432689755034877,25.806912599715844,4
0_0_3_3_5_1_3_4_5_6,44,[0],"[0, 3, 3, 5, 1, 3, 4, 5, 6]",0.5208756516837969,3.348392636660271,119.13551269366081,104.53923055965535,52.97077224518194,1.9576137339556214,19.985199114270653,0.5726602235668415,0.32595771152573383,0.25408812789723223,0.3933479987323806,0.0602465351657978,13.950047579286757,24.171641411328537,4
0_0_3_3_5_1_3_3_4_5,8,[0],"[0, 3, 3, 5, 1, 3, 3, 4, 5]",0.6236091977348025,-6.307861277188815,100.03384312050643,101.74937115884588,66.09466785620094,1.6506584238826867,23.821826421790615,0.579136897299151,0.46137956277526304,0.2336710145644081,0.333726778719239,0.14493861206828534,17.784843725003054,24.882233558888426,3
0_0_0_3_5_1_3_3_4_5,12,[0],"[0, 0, 3, 5, 1, 3, 3, 4, 5]",0.3740974635161856,5.111801400519105,100.63536263622485,95.60115034542596,69.12571279428397,1.8371934115653459,19.76572035859602,0.5500052986411424,0.591153421397979,0.23960386815134915,0.3713447475083123,0.08974154870319595,16.20444518566756,21.526791590332405,1
0_0_0_3_5_1_3_4_5_6,2,[0],"[0, 0, 3, 5, 1, 3, 4, 5, 6]",0.6918320893711071,-6.134025153380589,101.48223509188314,99.27600942301348,58.45036983480847,2.3856950611139793,21.54603605293413,0.5214898447388391,0.3276722790253651,0.1969437133443559,0.3249298906529252,0.06840643210357687,15.709968479651817,21.012150813944498,0
0_0_0_3_5_0_1_4_5_6,36,[0],"[0, 0, 3, 5, 0, 1, 4, 5, 6]",0.31208477117936523,1.916118192609455,101.3914588532663,99.42223345583011,55.126515961786595,2.2612488697112476,24.064940984027913,0.5009457250298475,0.40860436004874195,0.16004005538853835,0.34558627338617626,0.11957272105742474,15.183947850073165,28.276505488669724,3
1_3_3_5_6_1_3_5_6_6,107,[1],"[3, 3, 5, 6, 1, 3, 5, 6, 6]",0.3857137343212282,-2.7760856009501134,106.80893417515776,103.62844516591653,52.854647520712305,2.0325065328733,23.58847180001022,0.6222668682534027,0.4419871282298458,0.21720984536462942,0.4290666302203108,0.07558138780282656,17.250721171133367,21.237972521083545,3
1_3_3_5_6_1_3_4_5_6,1,[1],"[3, 3, 5, 6, 1, 3, 4, 5, 6]",0.3211331693381671,-1.837153028680063,100.82488649987309,97.49343258876875,66.83731803592687,2.293444116523603,16.624401676256184,0.6083188393550526,0.5177496340649539,0.21854665950124752,0.4073505064379218,0.06493521585738397,12.799552823076084,24.688799477330566,1
1_3_3_5_6_1_3_4_5_5,19,[1],"[3, 3, 5, 6, 1, 3, 4, 5, 5]",0.301150616258088,-7.583519024283218,100.72595402668823,100.27768728104313,57.951073196098676,2.382471920793689,22.113754991127898,0.4323367444845573,0.3945702821089343,0.19608333359292843,0.3086806096101485,0.11925065609978702,13.581213493603837,28.049940400260166,3
1_3_5_6_6_1_3_4_5_5,87,[1],"[3, 5, 6, 6, 1, 3, 4, 5, 5]",0.3993724999529873,9.819721676362931,107.84789494691236,98.28459519073158,52.940344830989694,2.235885667448191,21.93328873948373,0.5748990821827917,0.404809705676778,0.2359420011080992,0.42512232435379244,0.09932993353737682,17.855571490628847,21.091898583329925,3
1_3_6_6_6_1_3_4_5_5,1,[1],"[3, 6, 6, 6, 1, 3, 4, 5, 5]",0.3519469965123461,-6.926574531042142,108.42235776780029,102.96320543000895,65.53714766393124,2.3812495545140067,20.57148293386657,0.5953887079841299,0.4934615536414347,0.271914459969039,0.3392220747375703,0.07315109718969295,14.245515869614188,20.355227908659238,5
3_3_6_6_6_1_3_4_5_5,2,[3],"[3, 6, 6, 6, 1, 3, 4, 5, 5]",0.3564741627638544,-7.273477239312909,108.83272346443927,99.08337747329456,54.05964575311357,2.237791785229859,16.280654379892788,0.4018531722860047,0.36675050454932484,0.20418647158003653,0.3450073285190093,0.09719190538507541,17.322014744750728,28.11173206744373,3
3_3_4_6_6_1_3_4_5_5,1,[3],"[3, 4, 6, 6, 1, 3, 4, 5, 5]",0.49595921641751756,5.61453494714526,109.86851105976633,95.07622072400838,53.47724212402293,1.6292145790466366,23.66267152969407,0.5867573703940281,0.40019886056749115,0.13103250335928615,0.3395737889580448,0.06556494252643055,17.484606752542447,23.657199528595076,3
3_3_4_6_6_3_4_5_5_6,1,[3],"[3, 4, 6, 6, 3, 4, 5, 5, 6]",0.3995331963722175,8.685805419127124,116.31616493133788,95.64262439858945,64.2156651834855,2.113556742249398,24.250028827856696,0.6613988495547577,0.33560333297625683,0.15497952105457502,0.3520230673507369,0.11962898456248681,14.854413764618524,26.43828738427589,2
3_3_4_6_6_4_4_5_5_6,7,[3],"[3, 4, 6, 6, 4, 4, 5, 5, 6]",0.6330131578448326,-1.9247902448272258,100.32468246476198,100.43150714811729,56.40526335979737,1.8872031243134528,18.42205078554391,0.6626570139383196,0.3036914017102637,0.27821531574823727,0.44058844292193783,0.07563312284327915,15.9926023613105,22.627160141326954,0
0_3_4_6_6_4_4_5_5_6,15,[0],"[3, 4, 6, 6, 4, 4, 5, 5, 6]",0.5524193985403877,-9.851654406514474,108.94108302993173,98.11901690926295,59.088817683905276,2.012695242344712,19.554038519088024,0.5487674260855634,0.4454557160097164,0.24626159154258065,0.38030400807584164,0.09711095020378255,16.499828668349153,24.449502999530342,1
0_3_3_6_6_4_4_5_5_6,51,[0],"[3, 3, 6, 6, 4, 4, 5, 5, 6]",0.6890162589081752,-5.323269136687854,118.24603398620978,99.03185727493252,67.89769701660003,2.228239201603259,15.940192420332204,0.41931150407636064,0.36429437257930125,0.23725173381563683,0.4789599058976648,0.12947996153305477,16.091578095242575,22.00445424908881,1
0_3_3_5_6_4_4_5_5_6,2,[0],"[3, 3, 5, 6, 4, 4, 5, 5, 6]",0.4315752157185022,4.534620037922088,112.3048183291734,96.83997423247895,59.461090374611175,2.3158116888228943,20.52762019714128,0.5297079816189962,0.3133941093676873,0.11807573167757866,0.43019232112602945,0.11297513193825796,14.38830429347562,23.04666446075466,0
3_3_5_6_6_4_4_5_5_6,1,[3],"[3, 5, 6, 6, 4, 4, 5, 5, 6]",0.32263323416873735,-0.42841941084367896,112.04338263250138,95.26629685684743,55.40008552013579,2.2504062086655163,21.619851680040593,0.5726213252832748,0.3753545662756637,0.11416009705629374,0.4717873217687093,0.06192105197039588,13.781624712462385,20.7366158700996,0
3_3_5_6_6_3_4_4_5_6,5,[3],"[3, 5, 6, 6, 3, 4, 4, 5, 6]",0.6870882976130763,8.375097436860104,116.76797234485562,104.45611691105512,62.822666812368745,2.2252097701267903,18.637627559753035,0.6209834045806979,0.45999744898264705,0.1327324590872761,0.4617226166536314,0.1388512256991313,17.794418178354118,27.25761037573229,5
3_3_5_6_6_1_3_4_5_6,124,[3],"[3, 5, 6, 6, 1, 3, 4, 5, 6]",0.5567502869162302,7.333062700789834,104.55295760436111,102.44793205425985,52.63172256611943,2.401040347286092,15.250870431265032,0.4869908378586697,0.5630373615073385,0.24053355501318743,0.47390665466122295,0.10020344041506452,17.964026569032953,22.530072559334993,5
3_3_5_6_6_1_3_4_5_5,50,[3],"[3, 5, 6, 6, 1, 3, 4, 5, 5]",0.6108787075573803,-8.166550616576764,114.81998947732295,97.13911220763612,66.37071919127958,2.2941086247145397,16.922606667537117,0.6523111229971987,0.3856820291037264,0.15659208819428075,0.491299430862529,0.072280724827283,13.022159056890505,22.621020366603556,0
3_3_6_6_6_3_4_5_5_5,1,[3],"[3, 6, 6, 6, 3, 4, 5, 5, 5]",0.4518807796833209,-1.6433916885349231,119.00732242840692,100.47359112839605,58.72047360162716,2.3389266808463014,20.601249728572867,0.6354299420021534,0.3410909012483914,0.16174380976875935,0.41806654612718985,0.05160295679957773,12.133343022661947,29.824452700128802,2
3_3_6_6_6_3_4_4_5_5,15,[3],"[3, 6, 6, 6, 3, 4, 4, 5, 5]",0.39754248089510125,-4.905240858954993,101.76090631650962,95.2120895019805,56.174515340297596,2.2759738142468127,21.927431069554846,0.48284911736931385,0.36930321006277866,0.21007169861478522,0.4632859568214932,0.12960998533824303,16.629631892615386,21.522423813611468,0
0_3_6_6_6_3_4_4_5_5,9,[0],"[3, 6, 6, 6, 3, 4, 4, 5, 5]",0.4947069594321276,-7.962261290839563,101.2675494658036,103.24282135910335,67.96089303514349,2.1296012374926745,16.089218456277884,0.44232553485862475,0.5113626515168311,0.11765466077884522,0.31417835788598736,0.13432486416916387,17.15371294583196,21.509436962104154,1
0_3_6_6_6_3_4_5_5_6,45,[0],"[3, 6, 6, 6, 3, 4, 5, 5, 6]",0.34317972801868374,-5.511467227555991,111.13249310558245,98.35124723962383,52.1653844479101,2.042991656754105,21.465331804973133,0.6189484533091247,0.42977667400500624,0.15388017990506414,0.35882661655909315,0.09260839431844167,12.508340101814174,23.87693156114227,0
3_5_6_6_6_3_4_5_5_6,19,[3],"[5, 6, 6, 6, 3, 4, 5, 5, 6]",0.36907120042570185,4.406232298197558,117.61738550882936,97.81940926759586,54.454292784812466,2.3498828992407317,22.362863742671262,0.6542689547958564,0.3083106971363266,0.1366665465794335,0.4581621876028674,0.0626745325275501,16.635792071587005,25.34774532211119,0
3_5_6_6_6_1_3_5_5_6,15,[3],"[5, 6, 6, 6, 1, 3, 5, 5, 6]",0.32770073870727356,-1.788779068744677,104.59058655850332,98.13440849742487,50.71683481866821,1.557211646735337,23.22265543748549,0.5752306447691633,0.5704429779860442,0.16920077841754105,0.46380054886661876,0.13400355863911229,13.082090095623826,22.007434768804774,3
3_5_6_6_6_1_3_4_5_5,3,[3],"[5, 6, 6, 6, 1, 3, 4, 5, 5]",0.4457223222504912,-1.6586213346264267,104.35254113165982,100.0138694806774,50.60645030751142,1.7928669009299287,23.167535592129465,0.5607681627121196,0.4105254344988215,0.15083277486559904,0.42060180779732836,0.09947321481822466,15.471008036910378,22.10674285850058,3
3_3_5_6_6_1_3_5_6_6,26,[3],"[3, 5, 6, 6, 1, 3, 5, 6, 6]",0.3337556627813479,3.3461593379608656,105.214859055167,98.50198524957122,55.015626494678536,1.6438869163520067,19.547938306961004,0.5329893797558524,0.47454263611428765,0.11507269239853334,0.4187208263174485,0.08798294455481084,15.395924403453062,24.464484724026512,3
3_3_5_6_6_1_3_5_5_6,13,[3],"[3, 5, 6, 6, 1, 3, 5, 5, 6]",0.49028058377802197,-6.714416725756271,115.12009864181097,104.10269483697496,64.7863398742684,2.480710700773526,15.600837976062609,0.4968884142981538,0.4410816765360796,0.2368513651179373,0.34287637489066053,0.1049559231988705,14.798632824265106,20.177348167139236,5
1_3_3_6_6_3_3_4_6_6,57,[1],"[3, 3, 6, 6, 3, 3, 4, 6, 6]",0.319514247902879,-7.180267683042176,104.87256381921905,99.98877827597325,60.210125779173,2.3654763939512633,21.2541485484038,0.6156186668302347,0.3753936555007859,0.19956727993600282,0.45406764480908507,0.1082309251012147,14.519399857177136,20.558693107605627,0
1_3_3_6_6_3_4_6_6_6,1,[1],"[3, 3, 6, 6, 3, 4, 6, 6, 6]",0.40100130182958915,-1.8236155615839245,117.61674948842759,103.86081095427937,57.106800351064166,2.1454116199489484,20.28174156008297,0.6671108617986521,0.3471399289014535,0.199973874093699,0.4734080728480195,0.06119414012321591,17.075439466488557,20.453005096726102,0
1_3_3_6_6_1_3_6_6_6,7,[1],"[3, 3, 6, 6, 1, 3, 6, 6, 6]",0.617967073084194,5.647707312012238,106.84172659942888,99.1496732059806,51.26740053907315,2.0268724577077366,16.84186264852521,0.6321771598422227,0.49231861592299114,0.22757765542794606,0.30746562708184644,0.0701179856768092,13.255931547777688,26.978931226018783,2
1_3_6_6_6_1_3_6_6_6,1,[1],"[3, 6, 6, 6, 1, 3, 6, 6, 6]",0.30149830350171175,-6.13354218073577,102.81353010434178,103.33772343955012,55.90772238799331,1.7521020511931484,16.520786796493994,0.4948853477791981,0.34420057735626747,0.14510883679651224,0.42702606350815503,0.0793573540963772,17.32656560772149,28.359467912256143,3
3_4_6_6_6_1_3_6_6_6,1,[3],"[4, 6, 6, 6, 1, 3, 6, 6, 6]",0.5366074770456594,-5.3758979220900605,114.51807843043723,104.81186248133557,62.43357635078912,2.1854036596993303,19.65575909475054,0.6752465315257483,0.3276773024109702,0.22516272192898207,0.42904977690868645,0.1499972061179899,15.42107499607363,29.961406559852502,5
3_4_5_6_6_1_3_6_6_6,32,[3],"[4, 5, 6, 6, 1, 3, 6, 6, 6]",0.30526398569580665,-7.871556361175567,101.23876081616825,103.1298181697904,63.9767021932291,2.4421529614974355,19.560558024987085,0.6700188448282138,0.5106162498900051,0.1638213195627405,0.3338318855063149,0.06654647262604259,12.323354283436045,22.5914456799465,5
3_4_5_6_6_1_3_4_6_6,72,[3],"[4, 5, 6, 6, 1, 3, 4, 6, 6]",0.6731366350230483,-9.17134252319097,112.93998595111437,98.96353994238807,66.78204109373878,1.8364680871564136,23.867072144098344,0.4930718259895625,0.4909679216050651,0.26792111433636157,0.37335617753357137,0.09639673884137057,14.284867511129718,24.085324197345763,1
3_4_5_6_6_0_1_3_4_6,49,[3],"[4, 5, 6, 6, 0, 1, 3, 4, 6]",0.5199342563760446,1.8943629524231276,113.57566710018651,97.80154400245728,67.58116767283795,1.5074237575101659,20.65022228430725,0.6556991693424379,0.37154113764170976,0.29461084767406814,0.4816339745251417,0.1284968259659756,15.452716789155826,22.836721948973725,4
1_3_5_6_6_0_1_3_4_6,6,[1],"[3, 5, 6, 6, 0, 1, 3, 4, 6]",0.32887807530981567,-1.388762249502209,110.41560084909722,102.20433898645906,59.69306027454883,2.360763773171636,20.23593490899832,0.44224398692638106,0.33560246368628316,0.149702404130108,0.4904864511676068,0.1237292839642588,16.00201213036083,26.7811776551741,0
3_4_5_6_6_0_3_4_6_6,51,[3],"[4, 5, 6, 6, 0, 3, 4, 6, 6]",0.3336754291689669,9.129310714545314,105.31671644384801,99.40722568972569,54.18621193735284,2.204586403993723,24.924228021132084,0.5017518085211359,0.5408881990558864,0.29032187905648194,0.3232335515542057,0.09092551520440964,14.807376209197303,20.256918182166487,3
3_4_5_6_6_3_3_4_6_6,12,[3],"[4, 5, 6, 6, 3, 3, 4, 6, 6]",0.4560255262444649,0.10457004718025242,116.88381268472584,102.0690753205093,61.60112139890903,2.193525027277382,21.341164405106834,0.49669967369299617,0.41808397601550173,0.25699210975101877,0.4407063672145806,0.10160149419544043,12.889624051051971,29.28803350999401,4
3_4_5_6_6_1_3_3_6_6,12,[3],"[4, 5, 6, 6, 1, 3, 3, 6, 6]",0.4089672967739349,7.467037124437111,110.04171063217733,103.72769507367863,55.49807942547184,2.1360072916863326,19.62064659087899,0.683016201313217,0.33961776537601635,0.11745618593137251,0.4250259885889861,0.08108388147368406,15.647187554860487,26.38203326947261,2
3_3_4_6_6_1_3_3_6_6,81,[3],"[3, 4, 6, 6, 1, 3, 3, 6, 6]",0.5762883768382612,0.15580685947234052,114.10505508859698,99.7487623160404,60.51452091874238,1.760335319382641,17.006290076716056,0.6980856086281769,0.3781766725593775,0.22204327778792426,0.32016741996665377,0.13765481208326877,13.458022200924578,20.32180684457995,5
3_3_4_6_6_1_3_6_6_6,91,[3],"[3, 4, 6, 6, 1, 3, 6, 6, 6]",0.3449093934983219,-0.00534083394615914,119.07224421640012,97.96936188190486,63.62786850333198,2.379356153667671,16.61461227129791,0.4967569895752107,0.45362611968788014,0.213691494189648,0.48265957817436234,0.13861455431619682,13.374290407310571,25.719567535136353,4
3_4_4_6_6_1_3_6_6_6,14,[3],"[4, 4, 6, 6, 1, 3, 6, 6, 6]",0.6598689911811032,-9.736242496407604,110.68199456376855,95.92935961109839,53.39231804474261,2.484587562907282,20.62754875658485,0.4089145392113877,0.35242462305868577,0.28864211622008806,0.4593438212016378,0.08297945397684504,16.39500963139289,22.38118238111947,0
3_4_4_6_6_0_1_3_6_6,4,[3],"[4, 4, 6, 6, 0, 1, 3, 6, 6]",0.6991148476142574,3.0283217811277474,101.34071412433792,99.44466677483406,58.5159289339297,1.9152956018988023,17.03667043657443,0.6399527075920195,0.5644329913854844,0.18411062209344903,0.3799587612463455,0.06892406460952889,13.031202592365343,28.226045614712802,2
1_3_4_6_6_0_1_3_6_6,3,[1],"[3, 4, 6, 6, 0, 1, 3, 6, 6]",0.5978966277929292,0.6073057039389451,113.38928015852413,99.39735600260168,57.37985837845232,1.7487498879383006,15.120159499845956,0.6125881070160152,0.37776573798478874,0.15350075810053204,0.4311278718782766,0.1389198579166941,17.75808169245479,26.4122512100794,4
0_1_3_4_6_0_1_3_6_6,60,[0],"[1, 3, 4, 6, 0, 1, 3, 6, 6]",0.533151106786152,8.732906630174051,103.45700327901471,95.19196402168966,57.03094401401914,2.2097153349722203,21.68298160860881,0.49030390857327527,0.5111017697071079,0.21059369289017957,0.3155996710974554,0.11430396063508937,13.57306141120222,27.4678117126391,2
0_1_3_4_6_0_3_4_6_6,55,[0],"[1, 3, 4, 6, 0, 3, 4, 6, 6]",0.4686741118472944,-3.1753056154775883,113.5566146280294,103.945456324015,54.634227102389545,2.201170480212249,17.333580196515065,0.45102670608590023,0.45547318833249895,0.15624976836422783,0.32167239141097187,0.12417647938309749,13.221822410005204,28.39909659571104,5
0_1_3_4_5_0_3_4_6_6,5,[0],"[1, 3, 4, 5, 0, 3, 4, 6, 6]",0.3252288460498707,6.412159491351936,113.2309577218484,103.74357994433605,68.61280368804468,1.9610092172896723,22.33909346158577,0.5235226787220293,0.5604193711669216,0.2801054756860601,0.48120161007444767,0.05825892134952629,12.871491283340438,27.922197610759728,4
3_4_5_6_6_1_1_3_6_6,52,[3],"[4, 5, 6, 6, 1, 1, 3, 6, 6]",0.5254087984940078,0.9111763371140325,104.16470960997192,101.44517908254885,51.50447191137682,2.1551048213354873,17.649609358357935,0.5276344977286342,0.33550724654482017,0.23891360225556743,0.39171315803481294,0.12723105083596287,15.43318699264714,26.88936796804007,5
1_3_5_6_6_1_1_3_6_6,34,[1],"[3, 5, 6, 6, 1, 1, 3, 6, 6]",0.6050555209914105,2.9316103585227715,115.57145663798435,96.73863258862427,61.43263192759973,2.065902884652919,22.71501963875335,0.4252001996638953,0.4956903700466015,0.24173621349806224,0.3377267477054474,0.11073074392132098,15.786114768656024,23.360518210251,1
1_3_5_6_6_1_1_6_6_6,9,[1],"[3, 5, 6, 6, 1, 1, 6, 6, 6]",0.5730337221145914,8.569260887650316,102.56347102367494,104.0552380740689,65.9118650910772,1.7250035437545321,23.546527902356075,0.43667030722671674,0.43558192027530507,0.20139577427699099,0.4800517284003864,0.072833301319224,14.477211001873581,22.460601293357662,4
1_3_4_5_6_1_1_6_6_6,7,[1],"[3, 4, 5, 6, 1, 1, 6, 6, 6]",0.539971356439447,-5.340186382391847,112.0253481785819,102.05685032713644,67.4070835588613,2.2677754117451396,23.788587739176542,0.6356956909303361,0.3360951074057819,0.19512598370339468,0.43540336722293843,0.1326917064146577,13.345780165368366,20.47834746286931,0
1_4_5_6_6_1_1_6_6_6,1,[1],"[4, 5, 6, 6, 1, 1, 6, 6, 6]",0.3889221882104234,1.5040761428569183,112.62031078519226,96.68265523854606,57.97822283255443,1.884115882900034,16.059683374337848,0.4886347086682163,0.3989509502380088,0.28882876732634505,0.4177621052372391,0.057144736103658916,12.503548194445111,22.93431152188111,4
1_4_5_6_6_0_1_1_6_6,1,[1],"[4, 5, 6, 6, 0, 1, 1, 6, 6]",0.6638598788799989,7.676014828751705,109.09451266742288,104.12809222640223,60.03296963463462,2.1464399096508946,18.328687790473804,0.6136435205641888,0.3825851656708069,0.19491901669386982,0.3099873988724048,0.052592391826392484,13.255034563749026,28.484370651781497,2
1_4_5_6_6_0_1_1_5_6,8,[1],"[4, 5, 6, 6, 0, 1, 1, 5, 6]",0.5062432568586274,5.6402199951805265,112.57293127078192,101.5044660650383,60.31626813628152,1.8928866049660689,21.50171232852018,0.526830503914948,0.332093027110516,0.14351007069654836,0.30128910919676755,0.14126484317451932,15.041077697744758,20.995468588089597,3
1_4_5_6_6_0_1_4_5_6,13,[1],"[4, 5, 6, 6, 0, 1, 4, 5, 6]",0.5934374111299161,3.3226793214877715,114.29455757216732,102.95081499576978,64.50263033475869,2.2610559683337197,20.802182955464865,0.5726174471128402,0.5054723941000197,0.2196100525744938,0.3797244153361099,0.07731873637786915,16.780267120242463,27.211132779398113,5
1_4_5_5_6_0_1_4_5_6,1,[1],"[4, 5, 5, 6, 0, 1, 4, 5, 6]",0.3007088070670528,3.4651966678447077,107.23811828107499,95.01997316409428,63.940855575845966,1.6350820590253825,20.099071461505766,0.5664027607063584,0.42582212223213955,0.15710141345341816,0.4996917410465857,0.10477879891871794,17.583512244943584,27.104415962845188,4
1_4_5_5_6_0_4_4_5_6,35,[1],"[4, 5, 5, 6, 0, 4, 4, 5, 6]",0.6095475034669301,4.707678306298872,117.42634836311589,104.9323678639276,52.096274692965174,2.3049461848680215,22.62811712128581,0.5408990862752733,0.4656192178901827,0.270842195610976,0.4127983777604048,0.09679076907647072,17.496217768230867,21.748347553657908,5
1_4_5_5_6_3_4_4_5_6,10,[1],"[4, 5, 5, 6, 3, 4, 4, 5, 6]",0.300888947692615,-1.0143633102966976,100.62241875271893,100.67433943778991,56.17710870491658,2.2492206504655297,17.26138114598286,0.6191672017798812,0.5772557007333274,0.11114381425016823,0.3460921358137973,0.06724212324039178,12.462024103747964,29.989381405067448,2
1_4_5_5_6_3_4_4_6_6,75,[1],"[4, 5, 5, 6, 3, 4, 4, 6, 6]",0.5965197544268747,0.4293937865357367,112.84392337823283,101.90451913676586,68.73203522642811,1.9032805313387873,18.317319557769316,0.4999819599159813,0.42906911192366454,0.18908602565398902,0.4843884807355816,0.12613415814971649,14.305240832178281,26.765362124716326,4
1_4_5_5_6_1_3_4_6_6,9,[1],"[4, 5, 5, 6, 1, 3, 4, 6, 6]",0.3994994027559418,9.852242758543808,115.53263884772237,101.73513635532962,53.60932331468483,2.289778910243478,21.384764921780505,0.5552577050199299,0.32700675319412525,0.2672394795077191,0.41234333613943425,0.07153924492158963,15.53627333607923,21.76802196480064,0
1_5_5_6_6_1_3_4_6_6,2,[1],"[5, 5, 6, 6, 1, 3, 4, 6, 6]",0.5097636464509867,3.2967003969876263,109.85711200756607,98.79334712629593,67.50443641389572,2.0720646704604615,22.902780468556905,0.4406920394247781,0.46385801217337647,0.10495263729670351,0.44618898546663305,0.09367132741333574,13.388179065347423,27.074858222838465,1
1_5_5_6_6_1_1_3_6_6,13,[1],"[5, 5, 6, 6, 1, 1, 3, 6, 6]",0.6118526593862196,2.5210315614664935,108.56239001128421,98.98180418263071,57.525851729481374,1.8374963229995487,19.70139305515302,0.6857157850423434,0.452740270543103,0.18442080592287582,0.30078452919298004,0.08494414696218065,14.415647696527927,28.430481073380683,2
1_5_5_6_6_1_1_5_6_6,13,[1],"[5, 5, 6, 6, 1, 1, 5, 6, 6]",0.6830023879081288,6.352178270612068,103.7536583066588,104.06092400155555,54.80408650151643,1.6912479472326272,17.288413396522856,0.5773406524234355,0.5184557944543265,0.20020820664209418,0.34002636058028296,0.07496077804589439,17.067476484346024,20.533335064247776,5
1_5_6_6_6_1_1_5_6_6,1,[1],"[5, 6, 6, 6, 1, 1, 5, 6, 6]",0.46342946291685866,-0.4554543678598222,109.84565961932645,97.94720393090563,51.11601291353419,1.5895256008585785,23.518569365129125,0.6092938844241883,0.3714107444575579,0.1490637393476595,0.4084266319172146,0.13215941130409667,17.450741044180937,25.794918224850374,3
1_3_5_6_6_1_1_5_6_6,18,[1],"[3, 5, 6, 6, 1, 1, 5, 6, 6]",0.6753407454668986,-4.878279222554487,108.78443384305059,98.18142728123284,60.639973098618796,1.662190870613626,18.208941035518222,0.5455741854757772,0.43837506166175655,0.13726545615690716,0.479982747369563,0.13896747798082998,12.238202367748254,29.129319115732898,2
1_3_5_6_6_1_3_4_6_6,22,[1],"[3, 5, 6, 6, 1, 3, 4, 6, 6]",0.6661017044643973,2.8090022993560404,101.94082475930772,102.50063607412275,54.00220039094166,2.4836779446319257,21.829561059418175,0.6826923224367686,0.34053854058076627,0.24541446853392973,0.40841167092135855,0.08540339749657716,12.631949674681481,26.514556658973177,2
1_3_4_5_6_1_3_4_6_6,44,[1],"[3, 4, 5, 6, 1, 3, 4, 6, 6]",0.4767396764318672,-7.635567121474489,108.70760431244213,99.31619229267437,52.27209405676719,1.9008415243517274,23.139363681191558,0.4146026802791801,0.37670069128510064,0.25197553781677795,0.4974993320060003,0.08877434724228195,12.778985643705475,22.660218011939147,0
1_3_4_5_6_1_4_6_6_6,20,[1],"[3, 4, 5, 6, 1, 4, 6, 6, 6]",0.3109151186768491,5.465599422402345,114.62156634190309,104.8204925380289,61.87011797781993,1.8611032671855476,16.000066357593834,0.5067966374248145,0.5202574474912357,0.212367408350377,0.4965950317976271,0.09365809972981418,13.633558808042647,25.10252697561984,4
1_3_4_5_6_1_4_5_6_6,9,[1],"[3, 4, 5, 6, 1, 4, 5, 6, 6]",0.4932646264962153,-1.1800252427802183,109.5786794057805,100.62004420185451,62.94050170324888,2.0495075353468013,24.764209699170173,0.43555282032514747,0.5896402169684767,0.1107169430756898,0.32699045414624645,0.13024365331086935,16.92871777603562,22.585581147807233,3
1_3_4_5_6_4_4_5_6_6,19,[1],"[3, 4, 5, 6, 4, 4, 5, 6, 6]",0.38617841811713177,-5.361878009089414,112.05844453315486,102.29698850417846,59.068689378995636,1.7332038148083404,16.884721147685077,0.4070622060080251,0.5751956355124536,0.2842240496459393,0.373609115655849,0.14078174978184851,17.323694287924035,23.517895262934598,4
1_3_5_5_6_4_4_5_6_6,36,[1],"[3, 5, 5, 6, 4, 4, 5, 6, 6]",0.39738782834082104,8.937065769437083,100.65016966863223,100.42000142241655,50.663022006140984,1.9506445159926173,24.232703522691775,0.6861348960719379,0.36212067681588755,0.22439972748045614,0.3867527519281005,0.1357070946585954,14.485572661203468,24.509272585039017,3
1_3_5_5_6_0_4_4_5_6,15,[1],"[3, 5, 5, 6, 0, 4, 4, 5, 6]",0.6754245504592199,-4.746318325766589,100.19096817671618,99.11038839739265,52.2944010554371,2.3405089175212863,19.654105525275703,0.5848709937986488,0.5638811977780379,0.26843055050900494,0.3402016437853444,0.08752242171503039,14.506490245895318,23.047233589934176,5
1_3_5_5_6_0_0_4_4_6,4,[1],"[3, 5, 5, 6, 0, 0, 4, 4, 6]",0.36668727852082267,-4.355893042809158,119.13310476917385,104.91308310114799,59.19517347451227,2.25589906614593,23.59497692019787,0.5088278779989801,0.34299575727459003,0.28452027873912306,0.3127470712964314,0.13995474473049876,13.111941156120627,29.648832140533912,5
1_3_4_5_6_1_4_4_5_6,1,[1],"[3, 4, 5, 6, 1, 4, 4, 5, 6]",0.5477152764530931,-4.170218047754788,103.397128713259,96.98509048242019,62.46943751278078,2.0648263492909766,17.23480602383858,0.49077812218800426,0.37537892234879944,0.2602592467546662,0.46138874776472133,0.14749701219031952,17.24477061336432,22.941479298692293,1
1_3_4_5_6_1_3_4_5_6,27,[1],"[3, 4, 5, 6, 1, 3, 4, 5, 6]",0.518199344674225,9.192743546056318,116.53925943525215,103.05711314298713,65.2155942475166,1.5043801288285068,15.973560332774884,0.5507037539285833,0.3096157677686385,0.2606616803306494,0.48566769183616587,0.05391590788932687,16.860298878167868,23.645924224871447,4
3_4_5_6_6_0_0_1_3_4,1,[3],"[4, 5, 6, 6, 0, 0, 1, 3, 4]",0.6105575741603131,1.0725225479566958,117.59632533407832,95.82212187497227,65.25862927322136,1.5757280801454874,20.504456898260454,0.6175205668083293,0.42874773329593474,0.29063052663318306,0.36635435427040347,0.13155648081838045,16.8955692568252,29.058233807482043,4
3_4_5_6_6_0_0_0_3_4,1,[3],"[4, 5, 6, 6, 0, 0, 0, 3, 4]",0.4677953776370419,-8.600647533536192,104.47952100874538,98.46111670615016,66.90688081135013,1.793038021349377,19.591529603228057,0.43260164780723903,0.3024796296079598,0.2826499914157841,0.3779860712415848,0.08920672218600903,12.399608937432456,29.91324534640391,1
3_4_5_6_6_0_0_0_4_5,7,[3],"[4, 5, 6, 6, 0, 0, 0, 4, 5]",0.4214111418892108,-0.5855815779990925,118.09310573065834,100.75750857848645,58.4388391358905,2.0546519096681584,24.23639063026622,0.6911799907799232,0.3917730478314863,0.2686227572175815,0.3049580057027557,0.1448635848744889,16.05544539944164,24.445854936345285,3
0_3_4_6_6_0_0_0_4_5,1,[0],"[3, 4, 6, 6, 0, 0, 0, 4, 5]",0.5303475806128977,6.41681233662341,105.40669815901012,103.32382717552873,51.561380321565935,2.3759263453106776,23.37018899878177,0.6549623580000371,0.49186188641280887,0.12064203322001044,0.4757763504953923,0.09528463604751937,17.618481758551038,22.538852643476183,3
0_0_3_4_6_0_0_0_4_5,2,[0],"[0, 3, 4, 6, 0, 0, 0, 4, 5]",0.6969398743998173,5.269201073743224,102.55152902711365,100.74516470808284,68.11311199682268,1.566393171590216,22.4065502817344,0.5988170826977384,0.5757341736770767,0.22056248138617718,0.3789329536275704,0.12101403391729472,13.1201836067866,26.50752255716486,2
3_3_4_6_6_3_3_6_6_6,1,[3],"[3, 4, 6, 6, 3, 3, 6, 6, 6]",0.4956273440931882,9.948494450023276,118.21893714178272,104.24585934322484,53.046201538445004,2.2831127772332103,21.01400809408574,0.45021637913357143,0.5329369238053976,0.15672831949868898,0.44428592201880973,0.10860907559019947,14.540089920323016,25.94241108367351,5
3_3_4_5_6_3_3_6_6_6,12,[3],"[3, 4, 5, 6, 3, 3, 6, 6, 6]",0.6365991292760497,-1.735925729476293,105.37940962538157,100.32867805857367,53.622827287961066,2.0382739251485518,18.049338174997736,0.5999147080769379,0.37045032193533417,0.10303100365711765,0.42008269363944734,0.13092667131456903,15.594527413224473,21.452470407799694,0
3_3_4_5_6_3_5_6_6_6,10,[3],"[3, 4, 5, 6, 3, 5, 6, 6, 6]",0.6757313958828166,-1.493698847654532,102.69605032127646,96.49592611909259,64.70104066415946,2.222736099942713,20.134884940926923,0.68976445194611,0.41586752911904684,0.27100390306056477,0.3564231658407492,0.14318333546369824,14.204217647727821,23.237763145680127,2
3_4_4_5_6_3_5_6_6_6,27,[3],"[4, 4, 5, 6, 3, 5, 6, 6, 6]",0.467421712035215,-5.002679822578879,112.1913576017001,101.0933466087032,50.06539351243064,1.7482048646276267,19.744983468612205,0.5189815667317943,0.5146329691415182,0.16088734929105714,0.4775516749536149,0.1460615098614653,14.14065772848165,20.797636117613834,4
3_4_5_6_6_3_5_6_6_6,45,[3],"[4, 5, 6, 6, 3, 5, 6, 6, 6]",0.6891651803705299,2.821998055693953,111.44507115631563,101.1864130066754,68.31204847931474,2.0716376155821377,17.336973989661494,0.6013898119609932,0.35816683927128773,0.19719306783965337,0.4885064066046553,0.09180916856262195,16.052700730607985,21.906857717070846,0
3_4_4_5_6_1_3_5_6_6,76,[3],"[4, 4, 5, 6, 1, 3, 5, 6, 6]",0.5887486492833125,3.231040286130462,100.80406770408769,97.79663556674292,64.93447640717649,2.1651748414742134,17.138067224576172,0.6577967565428929,0.37045656271196054,0.16879834409373934,0.42836022454321326,0.1390614293698703,16.736835552333154,23.222899172339197,3
0_4_4_5_6_1_3_5_6_6,11,[0],"[4, 4, 5, 6, 1, 3, 5, 6, 6]",0.32828837278940326,-5.116708321469854,108.83283759580438,101.12762921646639,67.18625851534316,1.5150740887968037,18.951400245261713,0.5604165909978973,0.34327108612925267,0.24676657072101257,0.39078631871272723,0.1491785295461657,17.473451556327383,23.730283053617146,4
0_4_4_5_6_1_5_6_6_6,32,[0],"[4, 4, 5, 6, 1, 5, 6, 6, 6]",0.30097495321438894,8.329757674549139,113.31498147259177,102.5469498023436,58.39478000754902,2.33158349458694,17.63203004953918,0.5498913308842519,0.489435575192587,0.10940110295342942,0.3357083459251165,0.12775752896322443,15.576487199733094,23.662836118834843,3
0_4_4_5_6_0_1_5_6_6,16,[0],"[4, 4, 5, 6, 0, 1, 5, 6, 6]",0.4688417239115872,-8.928753826990794,113.14718065518197,101.21998231534928,58.69390212993539,2.1562995891376415,16.249509954829378,0.4093061921721096,0.5315230972356936,0.14783653310848716,0.3629152627557809,0.10336914244547948,14.256185778558624,23.394870184072804,1
0_4_5_6_6_0_1_5_6_6,13,[0],"[4, 5, 6, 6, 0, 1, 5, 6, 6]",0.4783653152588698,-4.137976247758708,117.38848228884247,101.62766010509559,65.0482592650199,1.9706633249199328,21.81614208753752,0.42237553086506463,0.5258062442629654,0.19563608711687497,0.3249480410171836,0.11008669603194224,12.713550879377197,27.414452392477997,1
0_4_5_6_6_0_5_6_6_6,1,[0],"[4, 5, 6, 6, 0, 5, 6, 6, 6]",0.550697990165816,4.436670544279313,102.37563135206543,97.51909122642348,64.34237901177451,2.06311634480507,23.546871480456208,0.6653536220592972,0.5806832236187464,0.2781256020548984,0.31822855956122864,0.06369674134140918,17.69246853010901,22.92918248333017,3
4_5_6_6_6_0_5_6_6_6,12,[4],"[5, 6, 6, 6, 0, 5, 6, 6, 6]",0.5068972893234681,0.8364002772881451,104.48604337151946,104.44657044646831,60.480427321959986,2.2609618366287796,17.59886002596638,0.5897515238182749,0.45310133725680407,0.21397701283867468,0.45397191276128485,0.1418710556401287,13.790428298537883,27.33815967599309,5
3_4_5_6_6_0_5_6_6_6,4,[3],"[4, 5, 6, 6, 0, 5, 6, 6, 6]",0.5940292886447487,4.791974609430083,104.0795024278675,100.64575747728432,63.031793392517244,2.2225018842206428,19.389153442072274,0.5476700185427762,0.3115095556834091,0.2170336442422088,0.4238511685846028,0.13376733557775763,15.744682785783912,29.917919848556235,2
3_3_4_5_6_1_3_5_6_6,1,[3],"[3, 4, 5, 6, 1, 3, 5, 6, 6]",0.6267268238076091,0.7072124585554662,108.04803442349481,96.32092630126071,53.50648751896421,1.9813661044675142,17.265448333120617,0.5081823100198076,0.4643581988978125,0.13121753466659877,0.48755080329010886,0.1463408098351793,16.998248889846998,26.686088760564424,1
3_3_4_4_6_1_3_5_6_6,20,[3],"[3, 4, 4, 6, 1, 3, 5, 6, 6]",0.3266699869401412,-4.458794114711646,105.7369466782449,95.02861071871513,65.40712289073409,2.363200716868471,24.311429269810304,0.6411225227671409,0.3385346027490791,0.14348463800543068,0.37586191327197443,0.0871795724156382,13.43348987654863,23.659998862835213,0
3_4_4_5_6_5_6_6_6_6,37,[3],"[4, 4, 5, 6, 5, 6, 6, 6, 6]",0.4669302219019951,-2.845096393335631,109.16408995619749,97.57876916944551,58.08502577532954,1.676913172050733,23.11758954401921,0.4827919839695845,0.47810426725650806,0.1543867551089542,0.3727538541956326,0.1446895762692116,17.579222673443468,24.053644893525508,3
3_4_4_5_6_3_6_6_6_6,12,[3],"[4, 4, 5, 6, 3, 6, 6, 6, 6]",0.4224015084063034,7.385361670048296,109.79998061882574,101.51572725442527,60.27547138311476,1.6239807397892148,15.756997150358602,0.5032149409256117,0.4094791431497165,0.1344838648098569,0.37149130572435984,0.1219581710313883,16.68333766557301,26.045676885339507,3
3_4_4_5_6_0_6_6_6_6,50,[3],"[4, 4, 5, 6, 0, 6, 6, 6, 6]",0.3284998576894685,5.087266044466543,116.84606734296786,95.45687974608525,67.63379383054168,1.7445622071637235,23.560755068598922,0.5526506116454132,0.5708136398825217,0.2540580414271674,0.3860412916509754,0.1391146778252774,12.561945758355565,22.348973232021574,4
3_4_5_6_6_0_6_6_6_6,31,[3],"[4, 5, 6, 6, 0, 6, 6, 6, 6]",0.42542772810260354,0.9355103023938494,101.0868640288633,100.00755996450785,54.938095538322685,1.9110730757048318,16.885620440763475,0.6548503622725675,0.4621528971487064,0.10748695589161764,0.30500937298154956,0.07794670251004407,15.197196846522285,20.793028087945565,3
3_4_5_6_6_0_3_6_6_6,12,[3],"[4, 5, 6, 6, 0, 3, 6, 6, 6]",0.5670032181221196,6.782166863642627,119.82948506360364,104.85602336156659,59.38439359073003,1.5013199020358103,23.9889415921588,0.690157624812949,0.38218757977685724,0.22018200598909388,0.38329858472002076,0.0570613624051832,14.3908499171399,26.054457562922973,2
3_4_4_5_6_1_3_6_6_6,16,[3],"[4, 4, 5, 6, 1, 3, 6, 6, 6]",0.6235916412125049,-1.531681974054151,103.54113220200298,100.5131889289966,58.35213529719628,1.8675522448508166,22.15117109111362,0.5315169808682118,0.5899215931558334,0.13154045868610126,0.3835946068982579,0.09232094827680312,13.62572764959309,27.77022840077052,2
3_4_4_5_6_0_1_6_6_6,7,[3],"[4, 4, 5, 6, 0, 1, 6, 6, 6]",0.44601690723281007,-1.0577001355787141,101.21167853823256,102.78673467897805,62.053323905720944,2.1269601777220304,17.918231522292086,0.4524540749230583,0.3772012562104394,0.11747042109474758,0.4586877364368301,0.08355325751730286,16.989628016709375,22.93617037128883,0
3_4_4_5_6_0_3_6_6_6,3,[3],"[4, 4, 5, 6, 0, 3, 6, 6, 6]",0.316150481755686,7.044052445873308,110.25713197914617,99.87168299518412,60.926467393536754,1.9562648172156951,24.94682563850868,0.674952597548406,0.45115842755814617,0.1200280931392161,0.3091458494325337,0.09938124202250412,16.835282586402673,26.037018697854453,3
3_4_4_4_6_0_3_6_6_6,5,[3],"[4, 4, 4, 6, 0, 3, 6, 6, 6]",0.5866587155993876,0.4832720873448082,111.57769155168494,103.66123900092289,53.74611692890375,1.9886532315212762,17.74075593731494,0.6463250242273828,0.3764612747673662,0.26741245254957036,0.3587404663636267,0.1158913404242969,15.453392371449421,28.63304602970127,5
3_4_4_4_6_0_1_3_6_6,2,[3],"[4, 4, 4, 6, 0, 1, 3, 6, 6]",0.6305514172404976,4.979161117573718,108.21527315641657,101.41393302556176,63.70234901886649,2.0407120568001593,17.0982063686689,0.5313945087213215,0.42634384413349496,0.17161171795614202,0.49829201229877423,0.05846809308218489,13.574381455561822,22.391796676228154,0
3_4_4_5_6_0_1_3_6_6,14,[3],"[4, 4, 5, 6, 0, 1, 3, 6, 6]",0.49472641440944726,-3.437269922295989,115.44067730010335,97.33566836516792,61.939320295907386,1.7064380585784424,24.754363914566202,0.6584538538950163,0.4146756707416961,0.12664858832042886,0.3665414140722651,0.061658020224803205,16.69443401743721,29.882208524999495,2
3_4_4_5_6_1_3_3_6_6,1,[3],"[4, 4, 5, 6, 1, 3, 3, 6, 6]",0.6294877141127336,0.26684621674089026,113.54143139327087,104.5601339595022,62.112933688515504,1.9543253259865598,24.068402048233224,0.4283888034038596,0.54727984897604,0.23337448699518518,0.3162062773418793,0.14847638741151323,17.32805810141104,22.937884425589868,3
3_4_4_5_6_3_3_6_6_6,5,[3],"[4, 4, 5, 6, 3, 3, 6, 6, 6]",0.3511514740680914,2.9469137663286804,112.54966970637412,97.84353049539592,65.47542947910067,1.9746451175911255,21.802265894094067,0.5212282076158747,0.5007009539249285,0.2530902015202344,0.4525776017765802,0.06825370330813693,15.504314718071145,25.048801020208558,4
0_1_3_3_4_0_1_3_3_6,54,[0],"[1, 3, 3, 4, 0, 1, 3, 3, 6]",0.5641539411320117,7.552524493976676,102.19901541234941,103.92419782839596,59.84126122396649,1.9827435437365173,24.174290720855033,0.537344004445067,0.5298916245086726,0.23048512753010933,0.35446743399014297,0.13273769920475967,16.457042896308852,23.968581648584365,3
0_1_3_4_5_0_1_3_5_6,28,[0],"[1, 3, 4, 5, 0, 1, 3, 5, 6]",0.613432472894083,6.9821087500841745,118.47217029606782,98.4844906692474,54.23102876816755,1.8844247870710134,17.662315134603762,0.6512915222922344,0.5738297191493836,0.1846333981379781,0.48079976023555415,0.10016150300620971,13.493339662160384,29.920725996211456,2
0_1_3_4_5_0_1_3_3_6,2,[0],"[1, 3, 4, 5, 0, 1, 3, 3, 6]",0.5066125773760924,-1.2447726737193254,113.31633242934814,95.24284822570193,55.234405054476746,1.7753049356688608,23.84995844549971,0.4576055674297917,0.5304913379122151,0.2984451147843793,0.34850784291762754,0.09763732063244243,12.930531993040304,23.58438767323062,1
0_1_3_4_5_0_3_4_5_6,25,[0],"[1, 3, 4, 5, 0, 3, 4, 5, 6]",0.6854624491690605,-1.6465048108742741,101.270362910186,104.82087782772942,57.04556030644311,2.093601118641149,20.56939648446244,0.6002654725142406,0.47763698359578055,0.2109917593149597,0.33224597230108266,0.14709197830201218,16.13588152650774,24.842398707465932,5
0_3_4_4_5_0_3_4_5_6,48,[0],"[3, 4, 4, 5, 0, 3, 4, 5, 6]",0.39099210500209297,-8.543253508059479,100.47176087404891,102.57640696610035,63.45631912254003,2.0599687706542755,19.5911625949362,0.6992982812192154,0.504998334269327,0.19571403038056648,0.3410280853913477,0.10540453214811617,16.708343632597394,20.924977278832166,3
0_4_4_4_5_0_3_4_5_6,1,[0],"[4, 4, 4, 5, 0, 3, 4, 5, 6]",0.3566899691028765,5.1501170374262095,119.20609780966615,102.13078888659554,57.140382938432985,2.1673211805726043,16.915746196512966,0.6701640096620297,0.3810870860305018,0.22896432732191171,0.4779188119094947,0.07821518777734257,13.670481618403867,29.949320372520745,4
0_3_4_4_5_0_0_4_5_6,45,[0],"[3, 4, 4, 5, 0, 0, 4, 5, 6]",0.4619870604819817,6.398954929120492,113.23142531314294,97.62708101033563,59.001829217974546,1.5861790758297043,22.35956925195661,0.6672738687819785,0.5557709840617939,0.2531436944713474,0.31563107243658256,0.08626448528822307,16.271108688561316,28.884937542391818,2
0_3_4_4_5_0_0_3_4_6,25,[0],"[3, 4, 4, 5, 0, 0, 3, 4, 6]",0.3424345508206809,-1.1888764540156305,102.20441335596391,95.51039784601295,67.56113656591377,1.7621147914662028,16.883299578538296,0.6068135021372031,0.5541580998188257,0.14296155243309588,0.383005246289601,0.1192052607808214,14.184393494916863,26.183385539514184,1
0_3_3_4_5_0_0_3_4_6,1,[0],"[3, 3, 4, 5, 0, 0, 3, 4, 6]",0.5383743201163286,6.267525829945184,113.90868610751643,101.22597868819156,61.96966285844013,1.5246608414171503,21.027786482383114,0.6741644884104607,0.44895541434752917,0.12822297550416592,0.42439240491846186,0.12902562998287123,13.39435256133206,24.06357856084946,2
0_1_3_3_5_0_0_3_4_6,1,[0],"[1, 3, 3, 5, 0, 0, 3, 4, 6]",0.5999367864878167,3.8575871279438534,116.36377896375458,96.23792465185673,56.83977285011387,2.3825348230266736,23.258938803613134,0.4706426150659924,0.4378979675964427,0.18545309845624786,0.3800813948674778,0.14921315630794724,14.162539954514216,20.991243732042314,0
0_1_3_3_4_0_0_3_4_6,1,[0],"[1, 3, 3, 4, 0, 0, 3, 4, 6]",0.4063127001977785,-9.310145377884806,110.05514789155126,104.48868161765171,67.01065349485184,1.9729728751329332,21.44685943857502,0.47115275952823327,0.3412634119866309,0.22132007968742076,0.37606733199508685,0.09728695841685993,12.650807283213643,26.054352591690677,4
0_1_3_3_4_0_0_1_3_4,1,[0],"[1, 3, 3, 4, 0, 0, 1, 3, 4]",0.667463148944787,6.000248589024562,118.30194169751793,103.11486374799986,54.30831018984635,2.136975355233895,21.37843948956567,0.6336854067153336,0.4660471104450493,0.13312521941980004,0.36639515478858736,0.05353794625042102,12.68826213514755,27.678089282623734,2
0_1_3_3_4_0_0_1_3_6,4,[0],"[1, 3, 3, 4, 0, 0, 1, 3, 6]",0.5138218698274969,-4.013992029198807,118.05152211352025,95.92003021322388,68.63136545003304,1.5745884385975026,19.349467310993862,0.47016391736660856,0.4301169231819165,0.2265776799669467,0.42928184015204957,0.06728206555969549,15.334822140940986,27.27707547268013,1
0_0_1_3_4_0_0_1_3_6,11,[0],"[0, 1, 3, 4, 0, 0, 1, 3, 6]",0.4735582540034196,-0.9231410652708094,108.93090427045492,101.68625803104923,55.31231252134067,2.452834194947841,18.33229207374728,0.4910488297167662,0.4344784403293048,0.22508995422335235,0.4834344957161935,0.13810634731461102,12.444337240128366,27.709748951538096,5
0_0_1_3_4_0_1_3_3_6,7,[0],"[0, 1, 3, 4, 0, 1, 3, 3, 6]",0.6624298287485089,-0.13539897689412106,118.60299479923287,101.63180544518124,68.6961524401367,1.9888486454255552,21.02517718610077,0.5078575264466847,0.4204516582941729,0.2836131377819286,0.4653575472458219,0.0713472395841944,17.63576171575714,27.813486415166828,4
0_0_1_3_4_0_3_3_4_6,30,[0],"[0, 1, 3, 4, 0, 3, 3, 4, 6]",0.6663322855475444,-7.126371884705285,101.77132406848764,103.0707960549618,59.27074467918123,2.2655816194029197,15.616977582372767,0.5504729238092541,0.3127720741488643,0.225321863900007,0.49184867784002906,0.14125950847951316,14.648047710173946,25.610737035015188,5
0_1_3_3_4_0_3_3_4_6,12,[0],"[1, 3, 3, 4, 0, 3, 3, 4, 6]",0.3020673033488181,-4.504293625388911,109.29345484723723,100.69528208857238,56.48128206196093,1.8227601337909949,17.22459359826812,0.47163973041430063,0.3098259802338971,0.22219490890748564,0.4988854831675883,0.10616024100718097,13.517988262038081,22.98926570034733,4
0_1_3_3_4_0_3_4_5_6,60,[0],"[1, 3, 3, 4, 0, 3, 4, 5, 6]",0.426751298759973,-4.343335148621927,119.2153747016833,101.53242773423246,63.830618765437855,1.5203214431321324,18.160664903140397,0.5068737154598872,0.31512453947232205,0.17705686891944644,0.40285705906493197,0.06576214242394772,17.628969121772855,28.656331359803595,4
3_3_4_4_5_0_3_4_5_6,2,[3],"[3, 4, 4, 5, 0, 3, 4, 5, 6]",0.36164685215005343,-7.507077041729011,108.1174072210466,100.01285768431774,62.60576524721753,1.5102636263602125,21.00907166182331,0.5400034867037887,0.4035060453893921,0.2964043922349212,0.39951194944350427,0.14264986210875927,14.01867916689178,26.32954142700168,4
3_3_4_4_5_0_0_4_5_6,39,[3],"[3, 4, 4, 5, 0, 0, 4, 5, 6]",0.4600684531207918,2.5902404264560963,104.37898661817282,99.6226079153938,50.501796780594674,2.3771965590298274,23.12759526977639,0.686720408063299,0.33702540640905126,0.13751704037251677,0.36172729535575315,0.14123449596988727,15.642526781875702,22.419730408443986,3
3_3_4_4_5_0_0_1_5_6,4,[3],"[3, 4, 4, 5, 0, 0, 1, 5, 6]",0.3479810823097471,9.521200079758279,109.9982679075438,102.19815247809889,64.81908014713422,2.3306706513697932,24.632719590395347,0.636597654702533,0.3651772527443764,0.266612586154149,0.30185178369645044,0.1472148013971708,17.74157405888314,20.071471064102273,3
1_3_3_4_5_0_0_1_5_6,19,[1],"[3, 3, 4, 5, 0, 0, 1, 5, 6]",0.3452107989560792,-3.8379915677671494,107.45502773709383,95.94755436501886,59.981180461587805,2.1250850767508735,15.838554074423953,0.5783784649418379,0.5237424308980627,0.18647905997923464,0.3213769564464988,0.1395542224621987,16.58628185364789,21.004950359681658,1
0_1_3_4_5_0_0_1_5_6,1,[0],"[1, 3, 4, 5, 0, 0, 1, 5, 6]",0.44373717397137963,-3.178321223158913,113.45580138603836,95.34270093177082,54.53472670557229,2.019580995941467,24.91582178369168,0.6398563668427939,0.40406861865566407,0.15875049440965305,0.4834010496378859,0.1012550158865667,15.425336065840648,23.193065071161087,0
0_1_3_4_5_0_3_3_4_6,80,[0],"[1, 3, 4, 5, 0, 3, 3, 4, 6]",0.5239276868765558,1.248861847397218,100.42250037256372,101.41223691199686,61.53260946231764,1.7451800606801644,23.630820991259355,0.5254712307675434,0.5533730209939681,0.26131804316209784,0.498865269791821,0.11491276770968585,16.548385156145308,22.651589914950637,4
0_0_3_4_5_0_3_3_4_6,1,[0],"[0, 3, 4, 5, 0, 3, 3, 4, 6]",0.6560242688731817,-2.6437197659487155,117.6425388233752,99.3065535044529,68.64546194744644,1.6125639174312134,18.96920828828514,0.4086371827463285,0.4909552559445158,0.2431025313714186,0.40521225576678954,0.1172923504951634,17.78519010292714,20.90563563369709,1
0_3_4_4_5_0_3_3_4_6,1,[0],"[3, 4, 4, 5, 0, 3, 3, 4, 6]",0.6995031403639704,6.941184423795839,102.89447334578988,102.16936542810423,54.47164243987783,1.511929897014146,16.663924575500655,0.6677259981210678,0.3222959177646451,0.1262749926627594,0.30864975552348684,0.10205140551574747,14.309354526966656,21.59215248575527,2
0_3_4_4_5_1_3_3_4_6,11,[0],"[3, 4, 4, 5, 1, 3, 3, 4, 6]",0.5859397739978169,-7.433733615590681,104.71426650944443,97.3924930726213,67.25203971691313,2.09374404549348,20.115399885205225,0.445630929478658,0.3441848772589153,0.10688813242177107,0.35043753911805914,0.07258521133756647,17.71519188892911,21.292704923394336,1
0_3_3_4_4_0_1_3_4_6,28,[0],"[3, 3, 4, 4, 0, 1, 3, 4, 6]",0.5435293322702879,-8.870972200288897,104.68169864658697,99.90795598605709,58.153583078994586,2.18012103550718,21.765203288238638,0.5115669407674653,0.4568752111066179,0.11804561738965479,0.31668894700803857,0.06736829008670422,14.287485407789465,20.69254524522711,0
0_3_4_4_5_0_1_3_4_6,23,[0],"[3, 4, 4, 5, 0, 1, 3, 4, 6]",0.6690826147165596,6.691071586228103,102.45839869835713,98.916140819361,50.203787865159576,2.4265202429515123,15.291979181756387,0.5515906458843143,0.4126748990209902,0.29372993769262407,0.3286462018466468,0.07563563968151296,16.687045723998764,20.16285081025828,5
1_3_3_6_6_0_1_3_5_6,44,[1],"[3, 3, 6, 6, 0, 1, 3, 5, 6]",0.6654709378917523,-1.9248043125313608,110.34977747284097,100.06588106308912,56.21747010951196,1.5100775345617907,19.858003463663245,0.4798125212395626,0.44075663288394934,0.13243000514163603,0.3975833750901627,0.050805719948428564,16.021110829161305,20.354657862829043,0
1_3_3_6_6_0_0_1_3_5,8,[1],"[3, 3, 6, 6, 0, 0, 1, 3, 5]",0.37105556303572507,-8.334590401303002,112.00776133470768,96.84848894605908,60.276138149761486,1.9193489526353582,16.393775377962676,0.5834152714692593,0.4652632536200004,0.16052712820447987,0.3424352233228567,0.14309107144434477,16.25254494331736,23.5371689361371,1
1_3_5_6_6_0_0_1_3_5,5,[1],"[3, 5, 6, 6, 0, 0, 1, 3, 5]",0.5477922450618697,-1.6543161368045634,100.92668992120863,100.08139356060026,52.15401492928192,1.6531294963105645,20.808035822685614,0.5535944168018757,0.501331963655428,0.25234416888617944,0.41293287305605353,0.13050687232629174,12.742152825452035,29.64656264037636,2
1_3_5_6_6_0_1_3_4_5,3,[1],"[3, 5, 6, 6, 0, 1, 3, 4, 5]",0.4572447116327809,4.982103812150262,104.68060182568817,100.50036691578393,51.90053969180812,1.8170497028211683,24.792053748617782,0.6591525841058636,0.3141780749585479,0.21698628543458173,0.3836529581021685,0.09776868739216518,16.279642512077707,28.823257414123226,2
1_3_4_5_6_0_1_3_4_5,8,[1],"[3, 4, 5, 6, 0, 1, 3, 4, 5]",0.3806621369245155,-5.413971933420907,102.80657823282986,100.65858613789328,53.249572369836116,2.2262689528965773,19.113185803251184,0.6349299194188079,0.5212337680303623,0.1581784505811084,0.38511425529967186,0.09053620023318432,17.89818613203147,27.09115713810619,3
1_4_5_5_6_0_1_3_4_5,7,[1],"[4, 5, 5, 6, 0, 1, 3, 4, 5]",0.6012117705162918,5.694843198011457,117.49611334442555,95.3150491603487,69.14397389251717,1.6938540979968675,19.184105597120197,0.4795329976316117,0.44935871054196486,0.1621031900637993,0.3547403734790088,0.11263510515219134,13.46968559579525,22.10550833152886,1
1_4_5_5_6_0_1_3_4_4,1,[1],"[4, 5, 5, 6, 0, 1, 3, 4, 4]",0.5752988871912768,-3.1702472169651474,107.33388599620883,99.98566010758772,58.345060721156806,2.3599328645095006,20.4660915684684,0.47582800120390445,0.4901541131425809,0.1484359516197435,0.49914864965712524,0.05853945990755121,15.26243601681784,20.31691597265362,0
1_4_5_5_6_0_1_4_4_6,19,[1],"[4, 5, 5, 6, 0, 1, 4, 4, 6]",0.47242581169371584,-5.125304100165802,115.85861851440647,97.8062405116084,65.22924710593766,1.9656916597713439,16.587141677685825,0.6228552447481333,0.560055020201767,0.1741201688158552,0.47364903790161994,0.0958125011398932,16.41999546085057,26.2144525262648,1
1_4_4_5_5_0_1_4_4_6,1,[1],"[4, 4, 5, 5, 0, 1, 4, 4, 6]",0.6341766265776688,6.69007174132334,108.85998912952073,101.63505270391784,60.204774820392316,1.5337368255492252,19.002842431193052,0.4377772640683689,0.389118326625391,0.12673267066791344,0.334445860791458,0.1081516822974525,17.555587757846222,21.37412887859707,3
1_4_4_5_5_0_0_4_4_6,40,[1],"[4, 4, 5, 5, 0, 0, 4, 4, 6]",0.6790937037739879,1.622166661672264,106.3105679000087,99.08138454471026,66.13559806003154,1.5157413347352637,19.49507445561207,0.5501034476549199,0.5679915216542396,0.2662159981847307,0.385442650148051,0.12181115972692533,15.887546374093317,20.76669632180857,1
1_4_5_5_6_0_0_4_4_6,16,[1],"[4, 5, 5, 6, 0, 0, 4, 4, 6]",0.5956630575427968,-1.3315704944979845,103.18470955019859,100.87035196457028,54.46737551539015,1.775526323165592,16.755385080531553,0.48724959821015484,0.42808091113674057,0.20561299901002605,0.47795939516849795,0.14738495512658784,12.499860477814032,24.077210487626832,4
1_3_4_5_6_0_0_4_4_6,2,[1],"[3, 4, 5, 6, 0, 0, 4, 4, 6]",0.5328146174288314,3.8138400461487976,113.524514992314,101.86219595530258,59.755228934017175,1.8077528341586624,20.216823915519107,0.508860721376483,0.4422883218557421,0.19421357696232772,0.3762849476113972,0.12764280785591528,15.599262031842473,27.256253608000122,3
1_3_4_5_6_0_0_3_4_6,1,[1],"[3, 4, 5, 6, 0, 0, 3, 4, 6]",0.556277556305827,-2.9991829040854734,109.2719380795071,103.39073740029615,53.2276391000492,1.6319558958059917,19.676350860707593,0.459863348123922,0.5666054300592068,0.16428494248544082,0.36121836422368175,0.13601128565174672,14.982995495642223,23.364074353823934,3
1_3_4_5_6_0_0_1_3_6,1,[1],"[3, 4, 5, 6, 0, 0, 1, 3, 6]",0.40437647648850655,-5.389601875724496,110.70991053684759,99.66312086969238,65.29887701128848,1.7515276515780676,21.050606120058095,0.4385429226769112,0.4430416539831581,0.1795321171597269,0.41817178647769604,0.10568012322378077,14.063024062600919,24.104002903011725,1
1_3_4_5_6_0_0_1_3_5,6,[1],"[3, 4, 5, 6, 0, 0, 1, 3, 5]",0.6066542998616778,5.122586408645164,112.25171256528114,96.98473002686279,64.39794050297648,2.438104939081879,15.391067783319532,0.6700468534705055,0.5609455666712188,0.1482564119904432,0.42705249940920664,0.05410369751714766,14.961610239670254,25.30018020545558,2
3_3_4_5_6_0_0_1_3_5,1,[3],"[3, 4, 5, 6, 0, 0, 1, 3, 5]",0.5422621747966282,8.260039952887597,105.93133723728516,101.2398244586251,51.35614812984199,1.6479780314333183,17.338583291213688,0.4259901326980922,0.40296186491417196,0.2556627686534164,0.3196789111710509,0.060855956402039425,14.250162316397265,26.07156215590501,2
1_3_3_4_6_0_0_1_3_5,23,[1],"[3, 3, 4, 6, 0, 0, 1, 3, 5]",0.5479075327492339,0.2798206614781562,108.20610645384517,96.95599589652558,62.653459759045866,2.2164203133331686,24.554378106901325,0.46408360042023433,0.5310023596053641,0.2078535491481515,0.4590892079554183,0.10722027386907686,17.1910752922896,28.3248317904568,1
1_3_3_6_6_0_0_1_3_6,14,[1],"[3, 3, 6, 6, 0, 0, 1, 3, 6]",0.34032002707027004,-1.9854134667077572,100.29980764970425,96.85751133737644,69.08727812150242,2.404607027118762,18.692482308550666,0.4224829828163208,0.371811401033689,0.18723224483863554,0.4342803975242862,0.13718002223106124,16.845440750433426,23.040113167147155,1
1_3_3_6_6_0_0_0_1_6,83,[1],"[3, 3, 6, 6, 0, 0, 0, 1, 6]",0.6765162048105009,-0.6369906432645744,105.9271719534412,99.04696912477826,62.11918365093697,1.8875639940381967,15.987278837112315,0.5554080067851161,0.3007798649936895,0.16595245134735534,0.36380560417228563,0.11282900679686778,15.032358071316745,28.743272824492834,2
1_3_3_6_6_0_0_0_1_4,24,[1],"[3, 3, 6, 6, 0, 0, 0, 1, 4]",0.618973420801338,-1.7184248501392818,119.52522378984435,99.69314509971491,69.83377688565584,2.4794387088146808,18.395691455329583,0.6842600448979457,0.5810533830372921,0.2587343998590242,0.3505849554159172,0.10367874922877962,17.599807613705742,28.144061284510276,5
1_3_5_6_6_0_0_0_1_4,2,[1],"[3, 5, 6, 6, 0, 0, 0, 1, 4]",0.6176922874886005,3.328472220557366,114.96176476956046,99.6050541665266,50.56048734794039,1.8046567696489633,21.77443125230592,0.5438714999064482,0.43680207311735125,0.24527735707901857,0.4283695980967918,0.12063935448935813,14.898383968804225,25.882391273939415,4
1_3_5_6_6_0_0_1_4_4,3,[1],"[3, 5, 6, 6, 0, 0, 1, 4, 4]",0.3288790162246163,-7.1306705836189765,105.97053040321694,96.4156199742862,60.90866303251975,2.3069512982370073,19.3431621928776,0.5644235098494688,0.303959212286241,0.2742354978940277,0.4139204021816753,0.06901962156713477,12.502354394344735,26.239553314601427,0
1_3_4_5_6_0_0_1_4_4,6,[1],"[3, 4, 5, 6, 0, 0, 1, 4, 4]",0.6993727688803715,1.475697349929952,118.68975248224089,97.31127341586448,64.66561922462536,2.0306999095050053,18.456123686052365,0.511896995915534,0.3077974487849602,0.18044712937853485,0.4865485394338524,0.1450634113644536,13.17602890993369,20.590543350588067,0
1_3_4_4_5_0_0_1_4_4,36,[1],"[3, 4, 4, 5, 0, 0, 1, 4, 4]",0.30419294531239494,-9.68268411727941,108.15783241093919,97.84423238660037,55.97265668107085,1.639728226301534,23.911033537111845,0.5973989691673529,0.4528789921525961,0.153340278630935,0.33322494703910405,0.10791009741721375,14.801696746376537,23.19676728910375,3
1_3_4_4_5_0_1_4_4_6,29,[1],"[3, 4, 4, 5, 0, 1, 4, 4, 6]",0.3473016044789368,-2.071999430942504,106.23501183850597,103.000264619447,59.06574549945851,1.6356150837580388,23.096028229885345,0.6465753582243574,0.3210049143283824,0.15027674842977207,0.4078201687162213,0.10833204742307061,14.306118359096324,29.242543487368614,2
1_3_4_5_6_0_1_4_4_6,2,[1],"[3, 4, 5, 6, 0, 1, 4, 4, 6]",0.5861548861400852,7.098467394144013,108.80551104536443,103.48501810141678,57.99398028271807,2.342497418986692,19.124770340102383,0.5980959595220697,0.5727253722098801,0.2006780768432929,0.33251876600653363,0.09207595245893088,16.333682294480994,25.229055532318473,5
1_3_3_5_6_0_1_4_4_6,13,[1],"[3, 3, 5, 6, 0, 1, 4, 4, 6]",0.6466528951893392,-8.249212493394394,113.95659917941673,96.04635964375763,51.25871128109161,1.6177615359642186,20.708934984533595,0.5978963333732692,0.3721473092263296,0.15706859149189284,0.40530526965074964,0.05796723643834019,12.043611909499685,20.24196378211429,0
1_3_3_5_6_0_1_4_5_6,27,[1],"[3, 3, 5, 6, 0, 1, 4, 5, 6]",0.4713198160532589,-8.363268748776418,106.17171894941653,104.81915148524831,59.20661866361653,1.5019665224294982,23.57960992128367,0.47594206887218016,0.44462856750331053,0.10005907554631605,0.31725189597203796,0.09168446810953336,12.4457190794143,20.92715015529336,3
1_3_3_5_6_0_0_1_4_6,41,[1],"[3, 3, 5, 6, 0, 0, 1, 4, 6]",0.3387694925803633,2.6755591337395446,110.597147927318,96.45441102218243,67.65551514821598,2.448385687891304,17.059398777843185,0.42560233059534625,0.4788584021964346,0.2290304996931551,0.36729134940322633,0.09624203515592124,17.96493377014349,20.733738288273273,1
1_1_3_5_6_0_0_1_4_6,6,[1],"[1, 3, 5, 6, 0, 0, 1, 4, 6]",0.5499687367935575,-9.42129709299435,112.5404796163699,95.829924418676,63.52088653828805,1.8020524602991095,17.1691267069143,0.4006146136531502,0.5677457034359416,0.16389049134614242,0.45476364239180556,0.08169753211749532,16.631377459009567,24.081001588682998,1
1_3_5_5_6_0_0_1_4_6,5,[1],"[3, 5, 5, 6, 0, 0, 1, 4, 6]",0.6118786039956867,-8.520813228657957,117.96021570254663,104.11910054074521,52.6409918947699,2.114297135141887,24.231152421259683,0.5221127846695892,0.3899887601070258,0.1725827711966743,0.3730643763759666,0.14424660682501902,14.245350378261529,24.260439926047592,5
1_3_5_6_6_0_3_4_4_6,69,[1],"[3, 5, 6, 6, 0, 3, 4, 4, 6]",0.5992863327458966,0.731677351029687,109.99043835038466,104.22772452495677,52.309151591365804,2.153382382094816,17.982990874602756,0.44582992619839107,0.4631802039763923,0.2548801984100066,0.44510100470487446,0.06871322261693572,14.526526266808965,20.219035691595238,5
1_3_4_5_6_0_3_4_4_6,9,[1],"[3, 4, 5, 6, 0, 3, 4, 4, 6]",0.4836893371109792,-6.801535054252867,104.05183718619807,104.75015286538961,53.558149395903364,1.9655959775946767,17.58655714346009,0.5377885328614334,0.4165139951517251,0.278163750679902,0.3761639090175353,0.1318046128520868,13.330189404017764,29.371319440419974,5
1_3_4_5_6_3_4_4_5_6,40,[1],"[3, 4, 5, 6, 3, 4, 4, 5, 6]",0.677330249602657,4.116045082013082,114.34789980100565,99.34095173567746,60.111739979742694,2.02021822919208,24.767277149884883,0.4578755083130612,0.3355033368855459,0.23889765691481524,0.4712665194455919,0.05605284771158119,15.42961670575682,20.119954245806756,0
1_4_4_5_6_4_4_5_6_6,1,[1],"[4, 4, 5, 6, 4, 4, 5, 6, 6]",0.42341720282870215,5.933432291142873,105.8026987980133,103.15925031608067,66.78727113369459,1.8849287639307857,24.90148393837738,0.5096731412382693,0.3193465280517759,0.2100390344944823,0.31181085595881547,0.06564959753478482,14.561935238014218,27.788450109351462,2
4_4_5_5_6_4_4_5_6_6,7,[4],"[4, 5, 5, 6, 4, 4, 5, 6, 6]",0.5846411636497365,0.3537396227235412,108.48752571384001,102.6903494819578,64.90864051484235,1.542521092822998,15.394221809221595,0.6493166316376232,0.4844679325305843,0.24856321852764646,0.4734142972351816,0.10823564751787486,17.162214726038684,29.836493896909758,4
4_4_4_5_5_4_4_5_6_6,62,[4],"[4, 4, 5, 5, 4, 4, 5, 6, 6]",0.6166611626285959,-6.050679673238985,109.98432959591418,101.81443276600984,66.38429445487955,2.1034234567782186,23.61172855504965,0.6508061168837328,0.5967097566881069,0.1925427772940641,0.39554597676454484,0.07478566067946059,14.490960874049176,24.361180082354064,5
3_4_4_5_6_4_4_5_6_6,7,[3],"[4, 4, 5, 6, 4, 4, 5, 6, 6]",0.5622352709002282,-8.530549815766443,118.23963061419198,96.59907838795273,51.23030602036181,2.3840491518858293,18.497004197332007,0.40111251711347923,0.5608216436902934,0.27689149984700057,0.4917738852436813,0.05076582986273775,13.41245582341508,22.701622729564445,0
3_4_4_5_6_3_4_4_6_6,4,[3],"[4, 4, 5, 6, 3, 4, 4, 6, 6]",0.6448124304279526,3.4725573887917216,103.30030005258399,100.42516210369236,54.083089822596975,1.8160223594644993,16.142597957044703,0.5389358091899561,0.32736549296720374,0.2375371959532181,0.3529190658795194,0.07441397279860021,14.979459939696696,25.852738786473026,2
1_3_4_5_6_3_4_4_6_6,8,[1],"[3, 4, 5, 6, 3, 4, 4, 6, 6]",0.5762002763402397,-7.310832614405996,110.070563066483,97.15659931291678,69.94558458624036,1.876816822884693,22.06822481349469,0.6204673862332089,0.5332033062999469,0.23066407592271224,0.41304242612032294,0.12446288156174062,13.812532417432834,21.304490807051444,1
1_3_5_5_6_3_4_4_6_6,1,[1],"[3, 5, 5, 6, 3, 4, 4, 6, 6]",0.6655048410472848,-5.1559422441948595,118.66152036256054,96.22262049208403,63.81156871944585,2.1352800890527592,18.30902002873642,0.4098332427567928,0.4095794949035105,0.25507925208225074,0.47721138204053215,0.14336560828497577,13.33127875136791,25.574290973066855,1
1_3_5_6_6_3_4_4_6_6,14,[1],"[3, 5, 6, 6, 3, 4, 4, 6, 6]",0.48227042364832234,-5.333017600667431,119.9161807326761,98.69421622524207,63.89812325255526,2.368981137170867,22.242455593116503,0.5465994538404413,0.3379349658198899,0.12237677021698168,0.3761758598361965,0.09222667607579829,17.691247395727775,21.781029854191868,0
1_3_5_5_6_0_3_4_4_6,23,[1],"[3, 5, 5, 6, 0, 3, 4, 4, 6]",0.4196287290151721,-0.26438044239667224,102.24861285553825,99.65857145106148,62.52742418045318,2.061683516573816,16.606340150580998,0.4775848635765892,0.579997440436629,0.2812832979323786,0.4044737356431042,0.14651505310306379,15.768639061909935,25.96686277696484,5
3_5_5_5_6_0_3_4_4_6,1,[3],"[5, 5, 5, 6, 0, 3, 4, 4, 6]",0.5477770431553711,-5.27910911309964,116.93835605226876,99.69256041105228,67.70516664109297,2.1612780101569937,19.876762635875192,0.48739245755033866,0.590515399060637,0.12623918820934796,0.4373353098358064,0.057113565378024256,14.807819252483101,23.029741282101657,1
3_4_5_5_6_0_3_4_4_6,53,[3],"[4, 5, 5, 6, 0, 3, 4, 4, 6]",0.6721937155652162,0.02817255878637237,100.47003509128703,101.54326209628996,60.038337897395074,1.6634638683702931,17.03455781513317,0.5729062976664232,0.5581357077395632,0.13014067014611894,0.4863326323322861,0.14902788565092928,15.32793525633226,26.163366749156214,5
3_4_5_5_6_3_4_4_6_6,27,[3],"[4, 5, 5, 6, 3, 4, 4, 6, 6]",0.670052244607111,-5.587872624775381,113.01404000024186,102.46643044258357,57.970664888824984,2.4047046299036965,17.43231797936457,0.5023638266478396,0.5939606549027125,0.14462828522116053,0.39914169535218386,0.08443889916738692,16.24118142310028,28.514932942368443,5
3_4_5_5_6_3_4_4_4_6,8,[3],"[4, 5, 5, 6, 3, 4, 4, 4, 6]",0.619133635549349,5.5909438771024345,106.78844991634287,103.15977437446061,50.44729582761138,2.3172116466272548,19.30633825643908,0.6897871598310105,0.5938456947951493,0.13376423002508173,0.450806520581026,0.13662981172551894,15.806881553711168,23.886503293865957,5
3_4_5_5_6_4_4_4_5_6,45,[3],"[4, 5, 5, 6, 4, 4, 4, 5, 6]",0.45744084499645216,0.38471358721624327,117.83386751599065,101.28379589517287,65.75086530369464,1.7853655263672268,23.083363423764396,0.43074820933265257,0.5811633426221366,0.21994309528090758,0.3650336930436445,0.05928770250186214,17.29970250417837,21.4102317308733,1
3_4_5_5_6_0_4_4_4_5,2,[3],"[4, 5, 5, 6, 0, 4, 4, 4, 5]",0.48292737147099,3.865596839013319,100.82487872611568,98.36409654056946,69.98526778723289,2.2840979644873576,23.759011517173544,0.6679248897191574,0.43405515395877203,0.13830391688016658,0.3665034289381697,0.12883138207566758,12.285186220583315,26.479650773497134,2
4_4_5_5_6_0_4_4_4_5,4,[4],"[4, 5, 5, 6, 0, 4, 4, 4, 5]",0.5450879079269484,-3.328939311919299,106.10395032613987,102.0901598701598,67.35414160739123,2.236902236673246,22.78850565788039,0.4891946896534221,0.5093360635773924,0.2856644461795755,0.3178129658655832,0.11791168553998341,15.424291683416012,27.334388908058997,5
4_4_5_5_6_0_3_4_4_5,7,[4],"[4, 5, 5, 6, 0, 3, 4, 4, 5]",0.6778222785407554,-3.317233083441813,112.20754631205261,95.61338479946502,51.107145972681785,2.037389234478657,24.268575098410437,0.4273790658740345,0.3958573369633029,0.24617516928868957,0.45685684533430015,0.12394824990204874,13.125046159290271,25.655121768389314,0
4_4_5_5_6_0_3_4_4_6,20,[4],"[4, 5, 5, 6, 0, 3, 4, 4, 6]",0.48164753531234106,5.187663465418442,112.78876955518216,103.15350419066078,69.30805707389288,1.5390863537104296,15.312306067335879,0.62331288447851,0.45108740009688697,0.11179776305111191,0.3392602670526365,0.12208929351655387,16.143224907841308,26.478072449927577,1
1_4_5_5_6_0_3_4_4_6,2,[1],"[4, 5, 5, 6, 0, 3, 4, 4, 6]",0.37492487256897916,-4.87641333742231,112.48782263767949,104.73336178774795,55.16527387459769,1.73628426605034,23.99452904854475,0.4895371250866187,0.4960667596481483,0.23624152537279858,0.342726181539366,0.13921735764950247,16.1626189094709,27.514750620615054,3
4_4_5_5_6_3_4_4_6_6,11,[4],"[4, 5, 5, 6, 3, 4, 4, 6, 6]",0.4455879441242629,-5.7245167022331644,115.92655292345961,98.56236061911045,68.99549253381888,2.2231482928303943,19.541079957636626,0.6540525979570064,0.44384935655723695,0.25861821588590866,0.4883227411309273,0.14487344625890253,17.29160947191881,28.2873227689079,4
0_1_3_6_6_1_3_3_6_6,64,[0],"[1, 3, 6, 6, 1, 3, 3, 6, 6]",0.4954010233979544,-9.199232945028864,110.11065407363891,96.06820823036254,58.235126435187055,2.419674646062765,24.371749504011163,0.5576131312143866,0.30599859100657845,0.12649472170997186,0.3566896461411686,0.05510328378896837,12.278157182823827,23.00564628681887,0
0_0_1_3_6_1_3_3_6_6,1,[0],"[0, 1, 3, 6, 1, 3, 3, 6, 6]",0.632636438568629,-4.1598341604254045,106.55788899632743,101.60198354111154,59.17939220738063,2.482793139442863,23.95066565761763,0.5096025037540085,0.4487792111075557,0.24529658949047653,0.49909536541183264,0.09632012529315717,15.092183040952316,22.277286535088823,0
0_0_1_3_6_1_3_6_6_6,4,[0],"[0, 1, 3, 6, 1, 3, 6, 6, 6]",0.5610250370078863,-6.946520709916277,117.41411621216095,104.36782881132461,59.75043278493292,1.9590078787717327,19.08456858749597,0.6575886918083773,0.3483013397203906,0.1883198026938056,0.33091492313660986,0.11028848105570221,14.59581816405683,26.96804484784167,5
0_0_1_3_6_3_4_6_6_6,17,[0],"[0, 1, 3, 6, 3, 4, 6, 6, 6]",0.6061143432837168,-1.0508022678984985,109.03585930548384,97.19138639792817,53.33735941067558,1.783667983288122,15.216876394069745,0.5589458560048549,0.4584503519277393,0.12257621187969081,0.34697488685425976,0.12348893625547301,15.660192544889227,26.43309126798986,2
0_0_1_6_6_3_4_6_6_6,1,[0],"[0, 1, 6, 6, 3, 4, 6, 6, 6]",0.6347181485773632,-0.35330764972137274,100.38947209372299,97.07967255618321,63.678570063071746,2.3087404445003497,19.855924782612068,0.4133585688752866,0.40004843529976863,0.15917839898096414,0.4533379794788904,0.14324995844615457,17.616128676799775,27.975049642816987,1
0_1_5_6_6_3_4_6_6_6,8,[0],"[1, 5, 6, 6, 3, 4, 6, 6, 6]",0.45118255880735386,3.1154643288111905,117.39114450931937,102.68480754919196,54.73007069449397,2.3552456668877344,23.442957396915457,0.5347674674349522,0.36585235960137497,0.2609962659514366,0.4445869545244176,0.1060957483759646,16.541112263997565,24.600124578841886,0
0_1_5_6_6_0_4_6_6_6,1,[0],"[1, 5, 6, 6, 0, 4, 6, 6, 6]",0.5622464724077263,-8.267106934583616,105.19252423204816,101.35855023477457,63.27559403983609,2.2155947082565497,21.151556608765027,0.5713827958759393,0.3239441721532016,0.1329834476954036,0.307324948975879,0.09395500162325407,13.473371197751455,28.40466193291638,2
0_1_5_6_6_0_3_4_6_6,14,[0],"[1, 5, 6, 6, 0, 3, 4, 6, 6]",0.5245694011587965,5.875545306831205,115.48641793117041,102.26364388105004,67.19687201491301,2.1545699185870952,17.12333357807148,0.6817003294881703,0.4320547898448892,0.12122178618533919,0.40225147407391304,0.05760500104361287,14.969169879577276,20.55695841711812,0
0_1_5_6_6_0_0_3_4_6,1,[0],"[1, 5, 6, 6, 0, 0, 3, 4, 6]",0.31410031280513634,1.358720335934982,100.43502875288473,101.98105806901076,69.58294316379417,1.818976258546868,24.778374782021075,0.5054492555581158,0.3031004812339908,0.2387892051128153,0.33027061273585895,0.1289822259734718,15.360571250669313,26.024911589265006,3
1_4_5_6_6_0_0_3_4_6,4,[1],"[4, 5, 6, 6, 0, 0, 3, 4, 6]",0.3888691761954326,4.6930900196406755,101.94466999750087,99.20774843828184,60.30199835990881,1.9159465757969296,22.202848424201257,0.6894763068556798,0.5524169546461873,0.22871594987412566,0.47811009114378616,0.13985911004038631,15.416244061227882,23.110579166306746,3
4_4_5_6_6_0_0_3_4_6,43,[4],"[4, 5, 6, 6, 0, 0, 3, 4, 6]",0.653834879567649,-7.146738055034705,108.49718964024558,101.23623297946524,63.21539313116529,2.037051472403074,16.192183534040673,0.6946121379405624,0.3422823833005198,0.1667100152859921,0.36463960626593145,0.14109348798779134,13.35228809452102,25.841598628141757,2
4_4_5_6_6_0_0_3_3_4,5,[4],"[4, 5, 6, 6, 0, 0, 3, 3, 4]",0.4130022551210215,-0.18978314093846427,103.92331822360504,95.60262071758898,60.21066710436278,1.646075135033446,20.25947244864223,0.6084183417891847,0.5859802220314638,0.13803471088514313,0.4185328352053008,0.12492955900530596,14.741750543226486,25.203785651636267,1
0_4_4_5_6_0_0_3_4_6,1,[0],"[4, 4, 5, 6, 0, 0, 3, 4, 6]",0.6710524346466601,4.32229986151635,104.77746753959079,103.27754773380883,66.77348410971557,2.156919751816943,17.646752945312517,0.47501318341750925,0.4863152710576189,0.20894371966639838,0.49577532646439737,0.06841821805299367,13.434757992472967,21.449050010247934,0
0_3_4_4_5_0_3_4_6_6,14,[0],"[3, 4, 4, 5, 0, 3, 4, 6, 6]",0.5914869435957955,3.387130588416569,105.0764864839699,98.22661582154899,59.13891402414912,2.3025382978221174,19.899395861895787,0.6151973474684924,0.5777359113473131,0.15175865316357978,0.49846665711358906,0.1434552464006432,14.974061610460868,22.0006954516943,5
0_1_3_5_6_0_3_4_6_6,11,[0],"[1, 3, 5, 6, 0, 3, 4, 6, 6]",0.4553489463729261,1.5769662117386085,111.70433408493128,103.07617966112949,65.29950892514165,2.2383879770598165,16.823145007445405,0.5746907065372037,0.5031878752955617,0.21654332052785627,0.3918541293413276,0.12843298567719083,13.083582090164544,20.06794662866055,5
0_1_3_5_6_3_3_4_6_6,14,[0],"[1, 3, 5, 6, 3, 3, 4, 6, 6]",0.6570657101936611,7.061184189163026,109.99601552517719,95.3862095410811,61.14617468161383,1.5242149729302885,21.468136847533128,0.563516012508685,0.5224176960790067,0.11394533425851738,0.4565900924936322,0.11581118614875245,14.701151725479399,27.595979295270883,2
0_0_1_6_6_1_3_3_6_6,1,[0],"[0, 1, 6, 6, 1, 3, 3, 6, 6]",0.39383138203222157,5.5031637528751975,112.87531940375655,100.54513014742652,66.36357596394593,2.3129545247353276,15.060516037621912,0.6997734888764945,0.41211713336238376,0.13261379656653072,0.4859598302547472,0.14594685288361567,12.899934004946259,23.87264328971845,4
0_0_1_5_6_1_3_3_6_6,30,[0],"[0, 1, 5, 6, 1, 3, 3, 6, 6]",0.6138962599263664,-9.069973967654398,107.84259015705246,102.05595950434358,61.077176310884845,2.4436762042321787,17.280278808948506,0.5284371206031158,0.3485822572961706,0.1031438600567604,0.42192543756864936,0.11335850708580604,16.742910498718945,20.143199332031653,0
0_0_1_5_6_3_3_4_6_6,18,[0],"[0, 1, 5, 6, 3, 3, 4, 6, 6]",0.32483315221894815,8.695544316815509,112.05132296265262,97.65677495155907,53.20189904240999,1.6425421598393668,23.87833103227606,0.5400267945069254,0.3501629943595102,0.25653292806612893,0.4225246440918818,0.05307421578590883,15.648317169701443,25.4045541834061,4
0_0_1_5_6_3_4_6_6_6,31,[0],"[0, 1, 5, 6, 3, 4, 6, 6, 6]",0.6086839094553937,3.694147178702072,113.5777878828886,99.47909351714007,50.03872509428821,1.7881360474218686,20.835986839112593,0.6856652110827475,0.43452294508524064,0.15380242615844203,0.32579828242827075,0.07194885123614528,13.469085892539878,27.55952984181277,2
0_0_4_5_6_3_4_6_6_6,1,[0],"[0, 4, 5, 6, 3, 4, 6, 6, 6]",0.41563771450017495,-3.1083616962443084,106.21671771721736,103.65879706448433,50.37568880102529,2.11528974298822,19.23626696818143,0.4301713121384425,0.32137209882054607,0.2791264039327562,0.3573732518505308,0.07849185722575394,15.933040481634142,22.800541303249627,3
0_4_5_6_6_3_4_6_6_6,20,[0],"[4, 5, 6, 6, 3, 4, 6, 6, 6]",0.59848934763921,-1.6909038251159836,114.42585527039444,102.76509799536757,50.047737923757936,1.9774815125575054,22.831449171579482,0.6149398458250329,0.4358454158547363,0.1723628245643636,0.45309051029520064,0.1350581061379917,17.307322882060173,24.448391082666614,3
4_4_5_6_6_3_4_6_6_6,1,[4],"[4, 5, 6, 6, 3, 4, 6, 6, 6]",0.3963037939041578,-1.7710426149059333,100.70311411535171,103.30253728629118,66.24229628651806,2.0098342878080335,24.459185619896754,0.5259101437020941,0.5979095093145851,0.1901250487279238,0.3630010800129948,0.09810291469537837,16.721137643558155,24.78724904772613,3
4_4_5_6_6_0_3_4_6_6,1,[4],"[4, 5, 6, 6, 0, 3, 4, 6, 6]",0.34866074225134125,4.9335270975851735,118.05622835979689,101.26254827049515,62.562906881140975,2.4838210693667993,24.02606893565638,0.4415726078590891,0.5289924271439148,0.12912126996269555,0.3276180786983174,0.1388324559915002,17.01766713928054,29.055703997944644,3
4_4_5_6_6_0_3_3_6_6,3,[4],"[4, 5, 6, 6, 0, 3, 3, 6, 6]",0.543912753323422,-6.183781000304263,100.72111999779757,103.37812547645835,57.4690426374769,1.527644351003603,21.298499473624585,0.4971133537176344,0.5214578314700384,0.2215624597170495,0.36711339621728994,0.13823294348705345,15.990538103937967,20.487493478417072,3
4_4_5_6_6_0_0_3_6_6,30,[4],"[4, 5, 6, 6, 0, 0, 3, 6, 6]",0.6370076314215238,2.606483172635894,118.21048760949691,95.0574586962005,50.55440514795901,1.77118332386455,24.848291387543544,0.6619045885071955,0.3632063309650608,0.17144940705722797,0.3197185784011366,0.14539250085666336,12.72806251570178,27.575949011629454,2
3_4_4_5_6_0_0_3_6_6,13,[3],"[4, 4, 5, 6, 0, 0, 3, 6, 6]",0.48603045882963003,-2.369789903638204,100.29461759456565,102.62982516231175,61.52652865297429,2.4534436647992792,17.855980541940006,0.6417064755184311,0.37222055203663956,0.24499777042148577,0.4936953374752882,0.06522668184568972,13.33815712940019,29.977694577377292,2
3_4_4_6_6_0_0_3_6_6,1,[3],"[4, 4, 6, 6, 0, 0, 3, 6, 6]",0.4860029405545899,-4.186593297314689,103.5194355126271,96.59221201242384,50.744852469754434,1.6726659623042681,23.88389415994867,0.5154801249419592,0.5762469103886381,0.2607904278063094,0.40756990032065554,0.09075229249022732,14.062397326127535,23.110936365355563,3
1_3_4_6_6_0_0_3_6_6,1,[1],"[3, 4, 6, 6, 0, 0, 3, 6, 6]",0.45651540247649725,1.134358686066257,102.0367558348548,97.42309839720583,56.65598823985884,1.9655561006624296,17.505397794329067,0.558139185824322,0.3649142517531986,0.22316169826739832,0.46613183644709727,0.14074347790411026,15.185909016393175,26.81495352821793,4
0_1_3_4_6_0_0_3_6_6,2,[0],"[1, 3, 4, 6, 0, 0, 3, 6, 6]",0.3712600428385474,2.5615082656608035,109.01371196227,97.97980902761753,51.61832649315975,1.8025258527106844,18.407873514384303,0.6939422219879291,0.3363483531542284,0.165307420477914,0.4618396563932449,0.061310758027887116,14.284432350591972,26.57116259725657,2
0_1_3_4_6_0_3_3_6_6,19,[0],"[1, 3, 4, 6, 0, 3, 3, 6, 6]",0.4963292200227143,8.46848830013091,102.62843261446896,103.57759181711396,59.640240897247565,2.432226573675311,20.398001689709968,0.43669575716433817,0.39410970127667183,0.13878679368014485,0.47876644725410117,0.0707181179709208,16.49224466312126,24.09312426666044,0
0_1_3_5_6_0_3_3_6_6,15,[0],"[1, 3, 5, 6, 0, 3, 3, 6, 6]",0.6280965976328676,-7.147103412303473,113.72312155476165,99.80200157783442,52.58155243504929,2.1555342210321324,18.332886024806605,0.412717807025361,0.5830200216153086,0.23773154922085618,0.3104787761808366,0.13686513927686353,12.757848447278759,26.88079531853126,5
0_1_3_6_6_0_3_3_6_6,27,[0],"[1, 3, 6, 6, 0, 3, 3, 6, 6]",0.4044213793153195,7.488597965301191,117.23770712403727,95.66952731169403,63.21067785285582,1.6867452762403938,19.941774031684563,0.6556554952444617,0.3378483862534786,0.22067622248168808,0.45845668243373355,0.12245765505153125,13.701138863994123,28.755196626716074,4
0_3_6_6_6_0_3_3_6_6,1,[0],"[3, 6, 6, 6, 0, 3, 3, 6, 6]",0.6908679437328771,9.542710156782938,109.41618022244583,102.42304357050571,69.8603764763952,1.5372080398511625,20.246458108987333,0.6389585962233196,0.3032931474324598,0.10645283834155198,0.3842080136274586,0.07180554790969357,16.058095548707254,28.386389171486915,2
0_3_4_6_6_0_3_3_6_6,14,[0],"[3, 4, 6, 6, 0, 3, 3, 6, 6]",0.6268563663080184,9.610742635641458,106.19529660090927,98.23908035320304,50.84106949403415,1.6858331203376555,23.843146825094188,0.4922871534212061,0.45291397289243673,0.17497681812771532,0.34384429701687996,0.06656637581074347,14.983487779084859,29.594097026274394,2
3_4_6_6_6_0_3_3_6_6,6,[3],"[4, 6, 6, 6, 0, 3, 3, 6, 6]",0.5422667841242307,6.317665854627044,112.45227489204844,104.61315210501527,59.851815848065264,2.3520823065887946,18.583249295891555,0.48787405264944533,0.5497857435569065,0.1436274780613802,0.41463467572701473,0.1156319773169057,12.33957614110612,26.29339550966747,5
0_3_5_6_6_0_3_3_6_6,4,[0],"[3, 5, 6, 6, 0, 3, 3, 6, 6]",0.5722468347706926,1.4197858522247686,112.53671815180122,97.65855911480081,58.20995656659166,2.1041580483054285,23.847276132994857,0.4775472062448047,0.3008366956787977,0.282992245813997,0.4195298419558368,0.05338668114995107,15.173457276182083,23.76880901957785,0
1_3_6_6_6_1_5_6_6_6,81,[1],"[3, 6, 6, 6, 1, 5, 6, 6, 6]",0.6887554669949663,5.763148877901887,104.6068008304985,102.15650647546912,63.24805174453956,1.580696971561856,18.693318615868183,0.5975983713657743,0.47274044431453094,0.28175643428310637,0.37181062959145095,0.08483912266963918,14.617873152492773,26.016796594708406,2
1_3_6_6_6_1_1_5_6_6,1,[1],"[3, 6, 6, 6, 1, 1, 5, 6, 6]",0.42566578912288416,9.675406220116926,101.48829096347566,95.00921457305307,57.941541552677,1.8314263770884867,16.9229378322855,0.6825896584742585,0.3905613840721076,0.1522480570024846,0.3996591351744597,0.07881511936577128,13.150848460171181,27.354022470907243,2
1_5_6_6_6_1_5_6_6_6,1,[1],"[5, 6, 6, 6, 1, 5, 6, 6, 6]",0.6514206263852345,-9.812736460170061,109.51857800806229,99.18604938967638,68.42822227819734,1.8707105198196325,24.808759222744285,0.6005059352666156,0.5358170084931623,0.17876207614187525,0.3835859326991426,0.061517444587822566,12.69733438092313,24.62712078325939,1
0_1_5_6_6_1_5_6_6_6,31,[0],"[1, 5, 6, 6, 1, 5, 6, 6, 6]",0.4026193589759696,8.257616798071137,102.14429006476297,100.84221618096092,57.579810145614196,1.6215460074446788,21.949616810222484,0.5601382143697815,0.446948922640056,0.23865946812393135,0.44720126929063186,0.09880669449164885,15.786604552461702,25.405762429177148,4
0_4_5_6_6_1_5_6_6_6,54,[0],"[4, 5, 6, 6, 1, 5, 6, 6, 6]",0.5134125485460287,-8.349720692146434,115.1065144985945,95.60941089688717,52.401349690569425,2.1182451912307125,24.776835336035784,0.5068876499169631,0.4584093853208791,0.22604454037684282,0.38551833461544777,0.060176634614995006,17.371316456221464,28.984515624749637,0
0_4_5_6_6_1_4_5_6_6,1,[0],"[4, 5, 6, 6, 1, 4, 5, 6, 6]",0.3812836835472897,8.3962125227456,114.25584458069906,97.01062830860442,55.31834328713201,2.1237463348219237,24.31407122615196,0.5843220467241634,0.5534562885023472,0.1986174907581143,0.39065187891328756,0.055913918640041305,16.28528695984629,26.977493566052008,3
4_5_6_6_6_1_4_5_6_6,52,[4],"[5, 6, 6, 6, 1, 4, 5, 6, 6]",0.6753245508208789,-7.683215061838801,107.64877426375273,103.45758993301402,58.0593166600894,1.6339582721615498,15.464935426374556,0.6537731355170961,0.43270194313051674,0.25790768817872134,0.48829488933892906,0.06468985940541046,15.454477888962458,29.39285487123988,4
4_5_6_6_6_1_5_6_6_6,1,[4],"[5, 6, 6, 6, 1, 5, 6, 6, 6]",0.5439155578668621,-9.250030798161959,106.17365493271718,99.81145535060888,61.03050431316832,2.0527372939725956,15.790519703086337,0.6922022327422009,0.39182795747832716,0.18219570617296013,0.4320798247866638,0.08476648302391818,14.454316537848987,20.72101916640124,0
0_4_6_6_6_1_5_6_6_6,28,[0],"[4, 6, 6, 6, 1, 5, 6, 6, 6]",0.3728598116842696,5.953930111317436,111.2867186131888,95.53641694536877,66.96954281841164,1.8733404960523958,22.222925162931563,0.5460572608258367,0.5129114785422398,0.12387064843445801,0.32406615030874575,0.12405780526265471,17.382344151678048,24.118988188940765,3
0_1_6_6_6_1_5_6_6_6,24,[0],"[1, 6, 6, 6, 1, 5, 6, 6, 6]",0.47439435568233373,1.6133507964323668,105.20493826858805,98.2385070648764,58.85106243313446,2.0215760275901973,22.58694311900111,0.6884465064236702,0.5021123760021989,0.2980992889149882,0.4119415211331663,0.09966746653380339,12.563257719944662,26.875125886069334,2
0_1_5_6_6_1_1_5_6_6,1,[0],"[1, 5, 6, 6, 1, 1, 5, 6, 6]",0.3181109972124029,-8.364323490539093,109.53706341442896,101.91598442494143,59.4112997733733,1.549588440581788,19.081659283204115,0.4510729860206288,0.5546663241625392,0.22407590872371994,0.48005095675580983,0.14662448575306855,13.4870148415058,20.514965318450667,4
1_3_5_6_6_1_5_6_6_6,2,[1],"[3, 5, 6, 6, 1, 5, 6, 6, 6]",0.557064073446497,2.304700591263349,101.06061186592588,103.45599617487818,51.42536623621452,1.685229598275604,21.773427064246043,0.5320161568241448,0.5900924824667534,0.17672709107475756,0.4938418347818285,0.12514013562706514,17.486188783318074,24.997344824797032,3
3_5_6_6_6_1_5_6_6_6,88,[3],"[5, 6, 6, 6, 1, 5, 6, 6, 6]",0.5264134036233974,-4.29808460234594,114.57738491407159,100.14048913972168,67.27236321294971,1.580175453401782,21.584153987673545,0.4569123694107391,0.45356815943383816,0.11293446227494196,0.3511235414599024,0.08516561301997932,17.328720653893953,27.907230589001774,1
3_4_5_6_6_1_5_6_6_6,10,[3],"[4, 5, 6, 6, 1, 5, 6, 6, 6]",0.6350089859820708,-1.9616163460517466,118.04527297368331,99.59115028216706,51.638183433157074,2.2203332617282467,18.99741317261436,0.518414451794699,0.5526931296520945,0.184237540019792,0.35577541013133973,0.07510408700082995,15.726733464953377,26.466901573913454,5
4_4_5_6_6_1_5_6_6_6,31,[4],"[4, 5, 6, 6, 1, 5, 6, 6, 6]",0.3357005073757638,2.012443576832774,116.64263283300448,103.73244231254101,65.45316246221383,2.032026221498619,23.644138150945256,0.515052744724775,0.560746688838291,0.1675027473680764,0.4500809379194756,0.08874109071082945,15.283343670033947,23.800586048359264,4
0_4_6_6_6_0_1_5_6_6,22,[0],"[4, 6, 6, 6, 0, 1, 5, 6, 6]",0.3609813712555988,-7.013258120833454,117.03303939410586,103.68157850081737,67.40059604273495,2.498364535330777,24.75969110344562,0.5757894467671072,0.5210782433018104,0.17778347880337297,0.4185226469644455,0.05885742468151369,13.17526758119566,29.747695054560396,5
0_5_6_6_6_0_1_5_6_6,18,[0],"[5, 6, 6, 6, 0, 1, 5, 6, 6]",0.33527850540824633,8.850487019186549,119.4903354392416,98.0562226898303,56.86232875225764,2.2159723625406453,20.440220868254794,0.6123459043480755,0.49534342271621523,0.23343108166387233,0.3233499228899423,0.08868277608863426,12.522019428193467,21.959807295201465,5
0_0_6_6_6_0_1_5_6_6,1,[0],"[0, 6, 6, 6, 0, 1, 5, 6, 6]",0.49559125024035705,-0.011528337978072845,118.35603952372307,95.58190476028084,51.81638274258966,1.8636415259481036,24.703150718746844,0.4154507440470597,0.3615733596961107,0.17284474501948827,0.4196855065421411,0.10930142221609924,16.661590592062435,26.910054102261658,3
0_0_1_6_6_0_1_5_6_6,40,[0],"[0, 1, 6, 6, 0, 1, 5, 6, 6]",0.642336753020863,-7.0700991388130685,104.37868060791239,95.02947798297042,51.356473192050046,2.4656477371717918,21.311453501792155,0.4898266928990203,0.5919206029011201,0.23682879172154722,0.45039260461089825,0.06585341002789386,14.661053691721435,25.585039115976222,0
0_1_3_5_6_1_3_5_6_6,32,[0],"[1, 3, 5, 6, 1, 3, 5, 6, 6]",0.30109791937592606,-4.676421795745645,112.71589185991634,98.42022203619676,61.822855102235,1.551372490812328,20.66042947925277,0.6009890360357031,0.44725859518571465,0.20024847220203348,0.49198384627406705,0.08458899097819496,14.16688452036395,28.53703136125692,4
0_0_1_5_6_1_3_5_6_6,1,[0],"[0, 1, 5, 6, 1, 3, 5, 6, 6]",0.3208776395203615,1.2726121429295967,104.71105512372363,104.58316562219449,68.23926471369198,1.7599930830741868,24.713357548224195,0.5508725595313905,0.4219646620983765,0.29746736351103026,0.40808387329343837,0.13502695603971987,14.803494203342915,27.324942955675805,4
0_0_3_5_6_1_3_5_6_6,1,[0],"[0, 3, 5, 6, 1, 3, 5, 6, 6]",0.5800965987289909,-1.4406795084968493,117.60862474985842,102.4662086500263,58.48037222244634,1.7827089773002496,16.010510061933196,0.560945663218639,0.4873998238667508,0.2742922289346194,0.47443778809079196,0.08706198335859962,15.825435226696621,21.908240879782483,4
0_0_0_3_5_1_3_5_6_6,2,[0],"[0, 0, 3, 5, 1, 3, 5, 6, 6]",0.5649075952294386,-7.0077812681696745,103.25437875547537,101.59507985933764,53.54572040270329,2.064885718422692,15.77107159941366,0.4679729947954262,0.3792985625985978,0.27388019440911776,0.34786449515138557,0.0996693892382846,12.900556308876316,26.50750778897802,5
0_0_0_3_5_0_1_3_5_6,1,[0],"[0, 0, 3, 5, 0, 1, 3, 5, 6]",0.3816289996425604,-6.620694638395621,113.70320364032656,95.38349317428366,59.95518381313608,1.9325544853932128,17.57318053644511,0.6552482633409912,0.5558281248829204,0.19300249914945922,0.3849261817113072,0.09399575879984051,17.807935067040983,25.24315388134306,1
0_0_0_3_5_0_0_3_5_6,62,[0],"[0, 0, 3, 5, 0, 0, 3, 5, 6]",0.6478409013190507,-7.648473995524492,105.20512848304034,97.37682627033217,69.0786633287614,1.605805366687826,17.417801132191343,0.4591868404362035,0.41680922990733404,0.20509655051849607,0.32281374887863995,0.08655271742118309,16.453114951486686,27.731711344607213,1
0_0_0_3_5_0_0_1_3_5,13,[0],"[0, 0, 3, 5, 0, 0, 1, 3, 5]",0.32769344127025074,1.8781938513748697,101.99111860610788,102.53639886578762,69.61116222306742,1.7728657715740734,24.84653504453404,0.6297464729617633,0.5367366085331255,0.21278810430664488,0.32175181119872315,0.11671442861569217,16.950813883275526,25.83143440364744,3
0_0_0_1_5_0_0_1_3_5,1,[0],"[0, 0, 1, 5, 0, 0, 1, 3, 5]",0.5694529817562384,5.021197993553789,105.10842860838005,97.00438653516503,59.59937785184658,2.352808881609753,16.285017196508598,0.668366959099557,0.4015969692177364,0.17516522678147445,0.3601923150216859,0.06692800926113554,12.091009093852602,25.012689758655753,2
0_0_1_3_5_0_0_1_3_5,3,[0],"[0, 1, 3, 5, 0, 0, 1, 3, 5]",0.38844759018667097,4.711806176438246,103.36328645404087,95.79928084985254,50.84934631515149,2.3382273354351186,20.6094273093881,0.4405234294041503,0.5240418063038791,0.1399223943885944,0.33735446830800137,0.11755663264308093,13.331048944856649,28.92561392441052,3
0_1_3_5_6_0_0_1_3_5,2,[0],"[1, 3, 5, 6, 0, 0, 1, 3, 5]",0.47214624495113083,-8.841075330821084,107.68740852666602,97.79928729592443,65.38304818644684,1.6621263280546206,18.5851105306134,0.6595717356958432,0.5697823160279702,0.25498067493087667,0.3143300892007102,0.12500524736790883,13.63404314103017,20.31931380479658,1
0_1_3_5_6_0_1_3_3_5,45,[0],"[1, 3, 5, 6, 0, 1, 3, 3, 5]",0.46380557385996785,4.862028353159211,105.96873268622427,97.86972218837258,53.93977993604795,1.5944856424501395,15.282272497815214,0.5908934606504499,0.5688131673235086,0.24760119210485063,0.4706981460174318,0.09227010929576054,16.137955943790054,27.207253110441226,4
0_1_3_5_6_1_3_3_5_6,9,[0],"[1, 3, 5, 6, 1, 3, 3, 5, 6]",0.6580018353770318,-8.43676151868374,106.36676010988143,95.80073275832808,64.80318633685067,1.6987858811184884,16.34997650474098,0.4054494957418927,0.5254044746502444,0.2167148105736129,0.4400988717359511,0.08074472664796832,13.663574683082327,25.564850013345605,1
0_1_3_5_6_3_3_5_6_6,6,[0],"[1, 3, 5, 6, 3, 3, 5, 6, 6]",0.3839216526250766,-1.189604516805145,102.50603927720965,95.24251225554637,66.60606966224057,2.185658640049711,21.449448935972676,0.581639128525806,0.396084717568482,0.25216408442421145,0.3249993525974833,0.125464868240152,16.31946537219094,22.302299095669465,3
1_3_3_5_6_3_3_5_6_6,89,[1],"[3, 3, 5, 6, 3, 3, 5, 6, 6]",0.4497414186837869,0.9190824375728668,111.20498980888271,101.33155897370294,53.98955534429352,2.485462152929665,15.303481114092946,0.4025793502143108,0.5837310930434831,0.19300062281861102,0.4573497164804503,0.061773879226954424,13.706317518063788,28.114209993605193,5
1_3_3_5_6_0_3_5_6_6,62,[1],"[3, 3, 5, 6, 0, 3, 5, 6, 6]",0.5308802743150767,7.208193321928134,104.6277395441747,97.25797802787189,53.17615666067263,2.077706228808265,15.013306034087798,0.555003604118031,0.4812141863751831,0.29476408044448343,0.3626601758222454,0.09895128549505221,13.66316335445629,22.191964363462947,5
3_3_4_5_6_0_3_5_6_6,8,[3],"[3, 4, 5, 6, 0, 3, 5, 6, 6]",0.5948373268956358,-1.8768173598629478,118.85263967860317,103.07325501893679,56.105908181333746,1.7622730029865374,19.031532832802537,0.6137833932836385,0.3587037145537083,0.29859684595736535,0.31651998197360964,0.08441175948543282,17.33225454928493,24.529774887949674,5
0_3_3_4_6_0_3_5_6_6,7,[0],"[3, 3, 4, 6, 0, 3, 5, 6, 6]",0.3409070675588753,4.805968256991275,115.7008860174881,95.66743161009505,63.72120474528018,2.3257486652569006,23.02563220366846,0.5785185240059465,0.34766891511125225,0.11262078100530015,0.4876279542839881,0.13468564636531155,14.367324691072886,25.978291204337523,0
0_0_3_4_6_0_3_5_6_6,9,[0],"[0, 3, 4, 6, 0, 3, 5, 6, 6]",0.3974973089981195,-1.6088039761599138,106.53850338262234,97.96235626666123,55.57251982669472,2.4721977618911777,17.42524255329656,0.5272999422165286,0.5745456590631624,0.15508804635212253,0.3825474920611545,0.10773059906844021,13.708075224379488,28.791293454843313,5
0_0_1_3_6_0_3_5_6_6,9,[0],"[0, 1, 3, 6, 0, 3, 5, 6, 6]",0.4088462448972686,9.72038498000277,106.23090796011041,104.68314354754799,54.18857114538024,2.1821897008159605,18.234257756344277,0.6295692542847192,0.5513239439400933,0.15399886277847055,0.43867598276932673,0.14955308517000854,14.230766131406249,26.996652246260872,5
0_0_0_1_6_0_3_5_6_6,1,[0],"[0, 0, 1, 6, 0, 3, 5, 6, 6]",0.34873017068967943,-5.774857308632555,105.58669374845665,98.73799431456459,65.15166986814597,2.258533997568497,24.612297180032762,0.45012565757298867,0.5525920003058081,0.20698629315636774,0.35701435569788054,0.08516059814462831,14.988760977414717,26.051602871035765,1
0_0_1_5_6_0_3_5_6_6,9,[0],"[0, 1, 5, 6, 0, 3, 5, 6, 6]",0.6577402898564617,-6.461094738897597,101.1879231341473,98.11743534848095,52.45160213871137,2.1174549994303553,17.188702805689108,0.6669794270227317,0.30620412082869186,0.1162604015743044,0.3930550489446409,0.12279990463210069,17.509210883958474,28.047892671540698,2
0_0_1_3_5_0_3_5_6_6,35,[0],"[0, 1, 3, 5, 0, 3, 5, 6, 6]",0.5449190034498107,0.2994199957797594,106.48117055887215,102.61906954891005,60.34018249179459,1.8902679988953779,22.422483385672564,0.5705769955023712,0.35869901310154007,0.20276366522498768,0.3439764191181584,0.08014651230396735,12.044419880446595,24.256327121228257,2
0_1_3_5_6_0_3_5_6_6,35,[0],"[1, 3, 5, 6, 0, 3, 5, 6, 6]",0.6313004129758001,-9.298224435072166,110.34585087542268,98.79445542715752,66.26203514002113,2.2664452246950426,22.499201158125835,0.4585430532823349,0.5533603106326047,0.10003437720243356,0.3747878950172282,0.0736553398792566,15.737581308946211,26.487787849223437,1
0_1_3_5_6_0_1_3_5_6,16,[0],"[1, 3, 5, 6, 0, 1, 3, 5, 6]",0.6507139304960159,-4.197373931518424,101.11116021942658,96.91801762387725,61.81565245107499,1.5038169899738363,15.193194858867106,0.683314285958675,0.37694180226315205,0.181611039711606,0.49961178513692206,0.0913836320246855,12.305577446200228,27.97881851066431,2
1_3_3_5_6_0_1_3_3_5,42,[1],"[3, 3, 5, 6, 0, 1, 3, 3, 5]",0.4520472424101085,-9.39278411485006,112.64778165031032,97.5643346489483,58.65867494756919,2.3613456185174764,15.988796219348615,0.6904747448539265,0.5150335737786377,0.14828598827571807,0.320126869924696,0.1080809503250167,15.53821174827425,28.75954657906742,5
1_3_5_5_6_0_1_3_3_5,9,[1],"[3, 5, 5, 6, 0, 1, 3, 3, 5]",0.6724376586434606,6.38667891045772,105.46012167982411,101.20662688048218,61.140359718133226,2.141647915130405,18.10709571036976,0.5763596534849136,0.5379215694367403,0.24605222195956658,0.38310033418439615,0.09372658409642934,16.475320280486482,24.907728916872184,5
1_3_5_5_6_0_3_3_5_6,6,[1],"[3, 5, 5, 6, 0, 3, 3, 5, 6]",0.5929852027197591,9.060597768899177,117.18418417797407,98.68473785050905,58.0487899337003,1.752674115842981,15.674587803708093,0.4394113993668165,0.44476534814778224,0.11560925842253628,0.3888740312385817,0.06870488219237242,14.863133506671822,29.569338260800055,2
0_1_3_3_6_1_3_3_5_6,42,[0],"[1, 3, 3, 6, 1, 3, 3, 5, 6]",0.31820721888568915,-4.440802861172479,117.08269687264715,98.28140039813795,53.24897726601508,2.1125933660470295,17.191918723286445,0.47108972402090876,0.5157577415983169,0.24681492859083393,0.4687024209439299,0.1332213936497019,15.546133816535164,20.259372021914864,4
0_1_3_3_6_1_1_3_5_6,12,[0],"[1, 3, 3, 6, 1, 1, 3, 5, 6]",0.4890975986308051,-9.88465243259971,104.09745974079951,95.2847114773255,60.001074010264766,1.7513040154235753,17.996526380530508,0.522844312653159,0.47909499131482935,0.26814976137347446,0.3609884269589028,0.08577107621728755,15.98412540671498,29.20114929583461,1
1_3_6_6_6_1_1_3_5_6,1,[1],"[3, 6, 6, 6, 1, 1, 3, 5, 6]",0.4392969681803703,6.141370308718342,113.05343859658119,100.33832548720734,52.67881193877029,1.6461617835916489,16.292990988357076,0.4659356462905745,0.3638259874206361,0.2613932211791779,0.47287284717694755,0.058433169770997884,17.50738877656972,25.782214089802025,4
0_1_3_6_6_1_1_3_5_6,1,[0],"[1, 3, 6, 6, 1, 1, 3, 5, 6]",0.5517235205267036,-7.790730764397771,111.8730360854291,98.97787622555397,64.13667453797345,2.365360959059279,24.381903196519524,0.6356688186087416,0.4154172828298215,0.10326630677381302,0.45773053865240604,0.07482323517557674,16.232268889704578,23.395243254158622,0
0_1_3_6_6_0_1_3_5_6,2,[0],"[1, 3, 6, 6, 0, 1, 3, 5, 6]",0.31835826534971523,-8.785579168014301,102.45182529982587,96.58694253998728,52.94684352200953,1.6353570564773372,23.31559895490586,0.43465051040548375,0.32434471218849215,0.2511972253481625,0.3122007277143301,0.10466478277861392,14.280785309005163,23.636376081308274,3
0_0_1_3_6_0_1_3_5_6,27,[0],"[0, 1, 3, 6, 0, 1, 3, 5, 6]",0.3185465061613167,1.1263093858026307,117.69208203819184,98.64030853417961,60.58897712955916,1.5388996911794117,17.478719891663257,0.4388104955783137,0.3753258413305685,0.28009629135098496,0.39467564443939346,0.08112351863272235,15.858483351099173,26.91139475857054,4
0_0_1_3_6_0_3_4_5_6,32,[0],"[0, 1, 3, 6, 0, 3, 4, 5, 6]",0.478926807491751,-2.234435668122574,115.94482110943913,96.74646016086405,56.64960447709179,1.816137655960047,22.258370444968406,0.584121300022768,0.4126062589834176,0.285919133436019,0.43913008536254994,0.12074859681965958,17.377140504158035,23.514318598262026,4
0_0_1_3_6_0_3_5_5_6,57,[0],"[0, 1, 3, 6, 0, 3, 5, 5, 6]",0.5060419651912099,6.798796198343355,115.82853102420779,97.75550395184845,52.78696089549891,2.033010487333903,16.592422041883868,0.6186921034968612,0.5845829208698373,0.296339638098421,0.4694904095465494,0.0588915360059346,15.184449719195406,21.200455965347302,4
0_1_3_6_6_0_3_5_5_6,135,[0],"[1, 3, 6, 6, 0, 3, 5, 5, 6]",0.5610520209725289,9.537839313365925,109.78191805207952,103.40604850202672,56.67225862371146,2.2109909812161135,24.612278548530824,0.6532756801582599,0.4601848094776182,0.1883264215129155,0.3606017999373002,0.14240295862582986,16.61472763507506,25.397066033125196,3
0_3_4_6_6_0_3_5_5_6,4,[0],"[3, 4, 6, 6, 0, 3, 5, 5, 6]",0.46711755198893407,-9.463167045386452,119.73717176414931,100.14388793818534,62.9411680096874,2.1317250422635863,21.966576422895834,0.586274376932717,0.4695514784209186,0.2984820906279035,0.33676521652780816,0.1349479915879258,17.40564994123673,26.97435702875119,5
0_3_4_6_6_3_5_5_6_6,1,[0],"[3, 4, 6, 6, 3, 5, 5, 6, 6]",0.3430335708739847,-4.548380011932805,102.1740486859634,101.53172344950076,67.52688437461083,1.810352792386766,18.48305799559863,0.42679822800207345,0.4147340388200385,0.19780581513865708,0.3201684824613577,0.11966484608230468,15.998729511282663,29.857443053647984,1
0_0_3_6_6_3_5_5_6_6,33,[0],"[0, 3, 6, 6, 3, 5, 5, 6, 6]",0.45429969241446,-1.2738152119130164,104.3667090108241,97.56971824060807,67.55125800194897,1.5121928434470078,18.9258912824997,0.6800750745704158,0.3184211746092106,0.21275004898842637,0.4015083255271027,0.11213884976986778,13.383469754554357,28.058784256964824,2
0_0_3_6_6_1_3_5_6_6,30,[0],"[0, 3, 6, 6, 1, 3, 5, 6, 6]",0.3260074179949366,-3.9386376387517608,109.19968204375397,100.37607226968588,67.41340608795488,1.897135272682099,17.351149091744762,0.6101949877948314,0.44299236159619876,0.2406870875587179,0.4333917948501801,0.06978463357399173,15.469628277780021,24.777258365039096,4
0_0_3_6_6_0_1_3_5_6,1,[0],"[0, 3, 6, 6, 0, 1, 3, 5, 6]",0.37425765347256207,-9.905587356592527,100.05775759194393,97.50657604772141,53.48669651421653,2.390746070836509,15.820112010839141,0.6226952788605327,0.3265201735818376,0.11902390953330104,0.49283864001537775,0.05935155392272564,12.945441225531603,26.814312896477162,0
0_0_1_3_6_0_1_3_6_6,36,[0],"[0, 1, 3, 6, 0, 1, 3, 6, 6]",0.405538482593795,6.8459071178835895,108.45608369702029,95.67023759318533,52.324252991158446,1.8968422179595,20.10397280322676,0.5035339455860525,0.4412817620890995,0.11670873502303392,0.38934456404252704,0.06941907488382441,15.122638147213573,24.075281353214468,3
0_1_3_3_6_0_1_3_6_6,7,[0],"[1, 3, 3, 6, 0, 1, 3, 6, 6]",0.4385411005697997,-5.455845093388834,111.08307545684859,102.30636117076844,54.17105587373993,1.6260055501099475,17.556717857879523,0.40215335216744347,0.5722292254550146,0.1955486782774985,0.45729605180842114,0.054170344047180456,17.848755042067413,20.800149402128447,4
0_1_3_3_6_1_3_5_6_6,4,[0],"[1, 3, 3, 6, 1, 3, 5, 6, 6]",0.3447949286928287,-4.616253277061526,112.10346751136275,98.44316663836851,64.11291191908741,1.5647619656680911,22.46298604690853,0.6388496924835835,0.5857889107208716,0.23724617677377383,0.4701544886276803,0.11122209425567818,17.225935383611912,28.969727220110798,4
0_0_1_3_6_1_3_5_6_6,5,[0],"[0, 1, 3, 6, 1, 3, 5, 6, 6]",0.6433081000897926,-0.41768661065630486,102.30502671408256,103.26568818824813,67.53049424667738,1.653425726068277,20.44277982336365,0.4285452512031676,0.5802658939140946,0.17061787655947191,0.3009232525102358,0.05364196907594102,12.851930544804018,21.233212707910578,1
0_1_3_5_6_1_1_3_3_6,72,[0],"[1, 3, 5, 6, 1, 1, 3, 3, 6]",0.4484428188198968,-1.392982786685164,113.42031530911991,102.40181130161818,51.26073754849629,1.8168256429080567,16.056384541489102,0.4971617259284364,0.4346573079549978,0.26940770364797184,0.46890920017108767,0.06116397646557884,14.550687287688044,20.458697755401793,4
0_1_3_5_6_0_1_1_3_6,136,[0],"[1, 3, 5, 6, 0, 1, 1, 3, 6]",0.4447765739308811,-5.211297691748453,110.94133595524778,99.43340237773332,62.13010073657004,2.4658455882753243,20.326596305053847,0.45579089660591315,0.5213187786477227,0.12492031203260433,0.39354399420437264,0.13703867274335108,15.341995368170533,26.40097937399148,1
0_1_3_5_6_0_1_3_4_6,11,[0],"[1, 3, 5, 6, 0, 1, 3, 4, 6]",0.31864158806850196,6.14669153409352,115.29316472315642,95.23569341151114,66.92631652737265,2.1983975249967815,15.108762815278471,0.4460440171822289,0.4534837879149589,0.2900335209180942,0.479374807941958,0.1310266819652804,13.004394016167879,21.219165763866453,4
0_0_1_5_6_0_1_3_4_6,1,[0],"[0, 1, 5, 6, 0, 1, 3, 4, 6]",0.3205801985714812,-0.6114926449867331,108.0995436953421,96.88368551386816,55.138025298388264,2.2352213228335476,21.675858923429715,0.5051946064791175,0.43721835978156387,0.1840131100751296,0.3839939115418831,0.1377281629871052,17.93671682954505,21.89791578869488,3
0_0_4_5_6_0_1_3_4_6,18,[0],"[0, 4, 5, 6, 0, 1, 3, 4, 6]",0.6501070946591082,2.3510148576256773,102.34443329093072,98.54132542664678,55.45529801363936,1.5896774534330262,24.448519685027744,0.695084989096696,0.5259258987225438,0.2918417164467943,0.32377613702947455,0.14140083571076353,16.89987588593588,22.45403392701745,3
0_0_4_5_6_0_0_1_3_4,1,[0],"[0, 4, 5, 6, 0, 0, 1, 3, 4]",0.5749687406535772,7.760909885256759,100.66267924204085,98.70184170771957,59.83326728259294,2.134273771892672,21.2572431736073,0.6571851031751692,0.38106666644668796,0.18865914316150564,0.4072973449958732,0.1351893499652943,16.80409091241069,28.51102377309894,2
0_0_4_4_5_0_0_1_3_4,41,[0],"[0, 4, 4, 5, 0, 0, 1, 3, 4]",0.5034041123649906,-9.867101506212581,114.03533320007259,96.35640195883029,66.04772342339261,1.665820947610215,18.05381228557839,0.6001434890324352,0.4633210017803639,0.12189454171647006,0.4424896499448814,0.08886391111326963,12.800940792202478,20.367652285100807,1
0_0_4_4_5_0_0_1_1_3,11,[0],"[0, 4, 4, 5, 0, 0, 1, 1, 3]",0.6319214655420343,2.891079792994955,106.67008953050434,98.39397084699677,63.130341421188994,1.6927438238602073,23.28719096906163,0.6388363932918684,0.4731541046340978,0.1408322343419318,0.38188617677160674,0.10699085599321616,17.578159017809448,24.757966116044486,3
0_4_4_5_5_0_0_1_1_3,1,[0],"[4, 4, 5, 5, 0, 0, 1, 1, 3]",0.6748080470948862,-7.9953734716245854,106.14292692816052,103.10313751637628,53.30329096108592,2.085718784348313,23.95644263899406,0.4252328318992551,0.3422397984621916,0.12719070293803722,0.47236502453076934,0.1259455425256469,17.29959724132599,25.41819860615956,0
0_3_4_5_5_0_0_1_1_3,1,[0],"[3, 4, 5, 5, 0, 0, 1, 1, 3]",0.638875059443421,1.6963917572827936,104.28742427840159,96.44246437894033,57.94293564627577,1.8829703051764732,23.084096463971626,0.5730763379969827,0.3541405777614338,0.2827927522992299,0.47059208726111423,0.06254236622733214,12.383401261959806,27.258800771706984,2
0_3_5_5_6_0_0_1_1_3,1,[0],"[3, 5, 5, 6, 0, 0, 1, 1, 3]",0.6036917515925736,3.0482757807514083,103.18041991747394,96.06315649884101,69.50619653055105,1.9292550878892483,24.658537656963706,0.5520549158868062,0.4513299778808755,0.14744666112924434,0.38324740333264223,0.12648206814132998,14.963958531870968,23.017832969173007,1
0_1_3_5_6_0_0_1_1_3,16,[0],"[1, 3, 5, 6, 0, 0, 1, 1, 3]",0.5171136485782203,-6.781554120204669,112.86798824749852,101.20537390643705,58.09505854410644,1.6090384749264734,15.690831521515294,0.6326582665184596,0.3431418129001695,0.23841467847703438,0.49955004645059337,0.07687423745237307,16.105285419271418,28.103948947935493,4
0_1_3_5_6_0_0_1_3_6,39,[0],"[1, 3, 5, 6, 0, 0, 1, 3, 6]",0.3711884250145506,6.709158210063826,117.20582253111647,104.34863472168622,69.03764039966019,2.0080686807395196,20.03369080250541,0.6717102372869744,0.44078568791872813,0.16770389687567686,0.4957200878872283,0.07178047004241783,16.55169957234782,22.043811450326338,4
0_1_3_5_6_0_0_3_4_6,1,[0],"[1, 3, 5, 6, 0, 0, 3, 4, 6]",0.5447501632231478,-2.9144431930210146,108.29439960240005,99.20122146441956,60.913077368317516,2.041776692882176,15.876557144045835,0.5235662104910108,0.4605262162240649,0.261223704481694,0.3915207218751829,0.07874516095227932,16.616382656421845,23.582795640681802,1
0_3_4_5_6_0_0_3_4_6,10,[0],"[3, 4, 5, 6, 0, 0, 3, 4, 6]",0.626946326760446,-3.2851842891336003,103.24112685411936,104.9144545932649,50.62011839727802,1.7102318785427961,17.846171918780364,0.6938761214930763,0.5569006064074699,0.24036018011112936,0.3782410218795507,0.14741322971869722,15.040156447176258,28.868280314293106,5
0_0_4_5_6_0_0_3_4_6,7,[0],"[0, 4, 5, 6, 0, 0, 3, 4, 6]",0.5717617390298965,-9.953057029789505,101.02550805274574,95.27973009046435,54.9821473358066,2.0142743823518945,15.511268669128587,0.5832391500374534,0.3594699039956571,0.11347762736718431,0.30351972975942304,0.07932601796159224,15.229013305144148,28.180938363675764,2
0_0_4_4_5_0_0_3_4_6,31,[0],"[0, 4, 4, 5, 0, 0, 3, 4, 6]",0.4028238846448122,4.044539392581454,116.79921800120984,98.06491184955517,56.73509855176836,1.7691883126948937,22.50123454676429,0.6596433924886093,0.3765181212329452,0.21257911092496332,0.3767067363256339,0.054077157981429085,12.956019003406492,28.092955097639063,2
0_0_4_4_5_0_0_1_3_6,22,[0],"[0, 4, 4, 5, 0, 0, 1, 3, 6]",0.5676260361814687,8.509731179907005,116.44001587018269,98.17625600974328,62.812473121570385,2.2969269651454103,16.87264773221395,0.4570695089408247,0.45845428358642604,0.1460528367331046,0.3800557756785259,0.05313599628802849,14.49254885155565,29.685631497250455,2
0_0_4_5_6_0_0_1_3_6,1,[0],"[0, 4, 5, 6, 0, 0, 1, 3, 6]",0.6770244914132251,-2.5822200033508724,103.12877304149777,97.33313426955988,59.33902399118552,2.014768379982728,19.486718739712405,0.4707870857543184,0.5668364670947063,0.1246973638571431,0.34510767098509704,0.0727230291317465,17.427630968381436,28.103083929810303,1
0_0_3_5_6_0_0_1_3_6,1,[0],"[0, 3, 5, 6, 0, 0, 1, 3, 6]",0.41929842453447663,3.1058453447263057,118.35877832974647,98.36717390910431,62.00554712529065,1.6263096937182868,18.78838550715176,0.4714101265820948,0.49491639027684553,0.251944876158031,0.33120582522163794,0.0671426382059794,17.994208457443612,23.388899036262654,1
0_0_1_3_6_0_0_1_3_6,29,[0],"[0, 1, 3, 6, 0, 0, 1, 3, 6]",0.4597872289207781,-1.8974625110481291,105.8123776718418,96.96455643844536,52.711148022880955,1.9251770641147987,21.933433340762136,0.528799004480562,0.3841969364230364,0.1417342175769815,0.4761574639500823,0.12978427730761627,16.624742342833837,26.67329819300691,3
0_0_1_3_5_0_0_1_3_6,7,[0],"[0, 1, 3, 5, 0, 0, 1, 3, 6]",0.6673336425772181,-1.118107787667999,116.98176580041898,96.39640905186442,52.936002210906686,2.1486488708793563,21.600779332799934,0.6908543795804828,0.39190870732620536,0.1389977353992181,0.3763194255359164,0.10778235527654352,13.699558093612799,28.403293904433802,2
3_3_4_5_6_3_3_5_6_6,5,[3],"[3, 4, 5, 6, 3, 3, 5, 6, 6]",0.6219528665874459,2.379358397507163,112.84929848559644,99.39648272069138,56.11964528226013,1.6844077974052343,15.532130452675997,0.6755121902026782,0.33263686331349906,0.15359792834810343,0.4182906515635277,0.08844606875480723,14.195220661775712,24.629079604601092,2
3_4_5_6_6_3_3_5_6_6,1,[3],"[4, 5, 6, 6, 3, 3, 5, 6, 6]",0.3960138868629992,6.806831149981005,119.46803462137362,97.86305775845943,56.234977571333545,1.9105703127570535,24.62592512720087,0.556829051460714,0.4473682875741904,0.22548572420607632,0.37324467650093235,0.1422568105636248,13.716407154339658,23.22447188431766,3
3_4_5_6_6_3_4_5_6_6,9,[3],"[4, 5, 6, 6, 3, 4, 5, 6, 6]",0.5012804982111871,3.3877220054429857,102.83251973615297,99.42817274188245,69.03026187828846,2.3206587934329,19.529595674990638,0.6993422848828063,0.3574124201855342,0.11478485108144142,0.4997938689417941,0.08263375097117791,13.840696879802874,26.918594619253966,2
3_4_6_6_6_3_4_5_6_6,2,[3],"[4, 6, 6, 6, 3, 4, 5, 6, 6]",0.4061468494655036,7.151756075151989,100.98695194980557,101.64993868531838,68.9959021474055,2.327127462984154,15.711378786672208,0.6328631717995975,0.3834248240845183,0.21281330128057246,0.39321813257528515,0.1057724792485034,12.556835679955208,27.894577382936223,2
0_3_4_6_6_0_3_4_6_6,13,[0],"[3, 4, 6, 6, 0, 3, 4, 6, 6]",0.33801244095404837,-2.2042030081070507,102.7543884888074,103.63246984235721,53.47661560354915,2.1508315811289824,18.259571167205653,0.6596053282204112,0.4598835056223699,0.22934213554149233,0.4156623950692792,0.1255272702628989,14.515606569473007,25.134128234801477,5
0_0_3_6_6_0_3_4_6_6,5,[0],"[0, 3, 6, 6, 0, 3, 4, 6, 6]",0.5471444054792276,-6.54186217886052,104.66550074289083,97.07746432198168,61.254788511143424,1.5967236394060098,21.3937683926497,0.45195898051489514,0.5133976976554426,0.10645862982531373,0.4376177256462684,0.0972684722961561,16.716263276593224,27.27670244329231,1
0_0_3_6_6_0_3_4_5_6,31,[0],"[0, 3, 6, 6, 0, 3, 4, 5, 6]",0.48689057681235015,-4.963781069637112,110.38353145556708,100.6728786620183,62.085708073500385,2.2142300152582606,19.452509235499118,0.6304844858046221,0.3264444478650515,0.17834118926168868,0.4850685882740169,0.1354783954787609,13.87940199383391,24.256519671703618,0
0_3_3_6_6_0_3_4_5_6,37,[0],"[3, 3, 6, 6, 0, 3, 4, 5, 6]",0.6650669031911989,8.748648156808564,112.42192865147959,98.3978074329114,61.941204966726126,2.0889578453838524,20.406781591937133,0.4459127845662349,0.4144539214877791,0.23934261725140346,0.41542753384280573,0.13122174908036383,14.141120705009993,23.14873779403387,4
0_3_3_6_6_3_3_4_5_6,14,[0],"[3, 3, 6, 6, 3, 3, 4, 5, 6]",0.3733567814032845,2.8629937837722874,103.48357055589469,103.38264246012196,58.84858961409127,1.559706993249599,21.017920710839363,0.4819862213098267,0.3803800652895043,0.22571880433833624,0.35198370207259844,0.07029752830088991,16.598840338972167,20.024426718479873,3
0_3_3_5_6_3_3_4_5_6,2,[0],"[3, 3, 5, 6, 3, 3, 4, 5, 6]",0.4984889258324788,-2.091773166866331,116.15818912488099,98.76891680945205,57.80984312690978,1.75902396840114,20.822032275125988,0.68840833559458,0.5409131548672397,0.2351626202095805,0.377070797327619,0.13396936122018122,17.14081556842765,21.913060059622254,3
0_3_3_5_6_3_3_5_5_6,32,[0],"[3, 3, 5, 6, 3, 3, 5, 5, 6]",0.4572113414766271,-6.305993607539859,108.93220895350315,98.25613350134321,58.60153745367173,2.358398767698638,20.678519779509383,0.5393663385335585,0.4110654732048514,0.14644868492466323,0.37726650460621675,0.14601254092912647,17.384762594476193,21.232877700549764,3
0_3_5_6_6_3_3_5_5_6,20,[0],"[3, 5, 6, 6, 3, 3, 5, 5, 6]",0.5011781655703393,-1.8082990012514966,112.38891732393971,104.04537517019911,54.08223993623113,2.4165585040963986,17.764836750487262,0.6674245361353701,0.5956350699937172,0.23514496052671044,0.36835424306732745,0.07140639727803422,16.78941524758082,25.954828125583518,5
0_3_5_6_6_3_5_5_6_6,16,[0],"[3, 5, 6, 6, 3, 5, 5, 6, 6]",0.5247272518988403,9.591260671179784,113.4750110086291,98.25838539962672,52.86584805236234,1.663126642358716,19.808872700410536,0.468721634437603,0.33637992890428564,0.23020096830075978,0.43176101897940766,0.11483721947110104,14.662758047316597,29.599315269874545,4
1_3_5_6_6_3_5_5_6_6,1,[1],"[3, 5, 6, 6, 3, 5, 5, 6, 6]",0.3162409980678809,7.615137457892729,115.67646723187663,104.89506597067225,62.365916957676895,1.7105052946876809,23.886472847081013,0.4323688839687197,0.555093266420433,0.1827094204522986,0.4854523559559931,0.132583344654781,14.411689514116322,23.064013399554685,4
1_3_5_6_6_3_3_5_6_6,5,[1],"[3, 5, 6, 6, 3, 3, 5, 6, 6]",0.47532660282894723,6.045656320781585,103.47711750054002,95.47605465563556,63.37897729980049,2.178047352336087,19.657322745657705,0.4803529291666993,0.37648099283839215,0.21306612629460994,0.49830515290026345,0.09445359884185109,12.297473932043582,21.041261528256097,0
0_3_3_5_6_3_3_5_6_6,36,[0],"[3, 3, 5, 6, 3, 3, 5, 6, 6]",0.3865875618252802,-4.054268129733785,115.25089890816986,95.56905748064693,55.64327175346294,1.7641378978362812,24.01539817464989,0.46491078700908733,0.45787545600536506,0.27110634675802764,0.444523514347395,0.09460372829576226,13.5803031427409,28.9116390527776,4
0_3_5_6_6_3_3_4_5_5,7,[0],"[3, 5, 6, 6, 3, 3, 4, 5, 5]",0.5009105040742046,-9.020561303955187,118.40064417146195,98.35437270574714,63.48576669449008,2.47687645407314,15.934312966108479,0.4760589919533939,0.375900599450992,0.17557644576938836,0.32456674153763876,0.08194720717462464,17.560286157311918,23.24128623129305,1
0_5_6_6_6_3_3_4_5_5,1,[0],"[5, 6, 6, 6, 3, 3, 4, 5, 5]",0.44241264073063324,3.297961285608313,119.34465682208507,102.07293430411423,63.67202794404521,1.7284323456609345,15.684551336548697,0.4958284983918694,0.3436704115132782,0.1095263544660893,0.49473135433947124,0.13898047095452554,12.1931268369299,22.423626436859898,4
0_3_5_6_6_3_4_5_5_6,13,[0],"[3, 5, 6, 6, 3, 4, 5, 5, 6]",0.36216251661080795,-0.5795474650660237,112.1242516078487,99.73094578886192,51.99909735200143,1.7507694497548711,15.801999234831355,0.5280991631399469,0.5792565041783881,0.22096925535284567,0.47813043039557124,0.14272696882749217,12.49472260252588,27.18317982905783,4
0_3_3_6_6_3_4_5_5_6,1,[0],"[3, 3, 6, 6, 3, 4, 5, 5, 6]",0.6632792091607045,-8.24971825658482,105.97749119609509,99.25854581995442,57.816837899443634,2.242230345357723,20.93042984437536,0.6105356710164812,0.48753975272473,0.18054078422041175,0.33552450224571534,0.10881188925878676,13.3715221744457,24.312981666626442,5
0_3_3_6_6_0_3_5_6_6,25,[0],"[3, 3, 6, 6, 0, 3, 5, 6, 6]",0.3274729577599252,-2.97592411472146,103.42829504028263,97.3425048771633,65.09901249800149,2.19576173935313,24.445253384555905,0.4764635274583601,0.5686121878556548,0.11144662711105574,0.3734734607845136,0.10521137464836562,14.841740184431663,25.566952572399153,1
0_3_3_5_6_0_3_5_6_6,2,[0],"[3, 3, 5, 6, 0, 3, 5, 6, 6]",0.6453790544450323,1.3536690932709439,106.53010548565261,100.07251581279118,53.2842622538829,1.5427585432181623,21.342335588271922,0.5544554784280251,0.39525346728743027,0.24239775646543146,0.4957905372906559,0.05883853570957,15.309083859058727,20.456934525689643,0
0_3_3_5_6_3_5_6_6_6,30,[0],"[3, 3, 5, 6, 3, 5, 6, 6, 6]",0.3473188865318871,1.9057906781371114,107.38768115064101,103.64406295839983,58.20482877175213,1.552263396652285,24.34771131837342,0.5371271613128251,0.41247454958174323,0.10325121042793178,0.31727011316368575,0.1024304788408224,16.706970285184617,29.682595757321472,3
0_3_3_5_6_3_5_5_6_6,31,[0],"[3, 3, 5, 6, 3, 5, 5, 6, 6]",0.5406100955951209,-0.21603603301029617,119.08373444327431,104.19610822315242,56.25386296669413,2.1344861315040973,22.470889228236988,0.48960886923879726,0.4530534231788682,0.2867396602659017,0.3066877909281922,0.09072214234678064,17.637580798036492,21.16828300831459,5
1_3_6_6_6_1_3_3_3_5,39,[1],"[3, 6, 6, 6, 1, 3, 3, 3, 5]",0.4275627906395291,-2.538983439325946,110.95826295368929,98.19099449703839,52.088531256670045,2.332244498419962,19.710631567499806,0.48886834440196003,0.4415629030679119,0.15913039285458602,0.3380481371151266,0.10721875515642533,15.60114583996688,29.774971823645043,3
3_4_6_6_6_1_3_3_3_5,34,[3],"[4, 6, 6, 6, 1, 3, 3, 3, 5]",0.318737615157199,1.3936048636796894,118.02572335243332,98.78067378453993,53.05339252603295,1.695586242692272,19.766890912833844,0.4740477954469973,0.5367428627934755,0.11874256835634281,0.3329692081618572,0.06469824374131822,13.68014864426945,21.049946073830586,3
3_4_6_6_6_1_3_3_4_5,1,[3],"[4, 6, 6, 6, 1, 3, 3, 4, 5]",0.5762737765042347,9.26750285717776,104.00502335493269,95.20043307652156,60.36171339490284,2.305954495912422,24.096542123348318,0.6587109674217613,0.509270752663494,0.17073749421132295,0.32272582407287276,0.11572589478756563,13.67580436862541,25.42624035628345,2
3_4_6_6_6_3_3_4_5_6,17,[3],"[4, 6, 6, 6, 3, 3, 4, 5, 6]",0.4803907965907035,-1.4144689730180104,111.56639671491972,101.81914029783019,56.71694531413232,2.495592132629161,15.952280388166624,0.693161598545814,0.5867168139404476,0.2570039886917154,0.4124216804699103,0.12741509652352895,16.95052666074942,26.451599904978163,5
4_6_6_6_6_3_3_4_5_6,1,[4],"[6, 6, 6, 6, 3, 3, 4, 5, 6]",0.6890194571921323,-7.11827136855927,110.47626775732444,98.54438450361094,64.73098947230314,2.2179595761537167,15.758834056597305,0.5318908190218735,0.4995314279071027,0.15714494922060301,0.3498974052624269,0.09447793352869868,15.298946565048336,22.891584256023727,1
4_5_6_6_6_3_3_4_5_6,1,[4],"[5, 6, 6, 6, 3, 3, 4, 5, 6]",0.6273659588105793,3.6050735522921817,101.41179523744063,95.73938562223697,69.19934461682007,2.146017350350585,24.085632678894253,0.6206486982124216,0.49966998222702735,0.11038638307933187,0.4495866545726339,0.12163317766805166,15.468377593636195,24.258047515121593,1
0_4_5_6_6_3_3_4_5_6,9,[0],"[4, 5, 6, 6, 3, 3, 4, 5, 6]",0.6823101918468835,9.488575439423993,113.7855550791126,99.19751223552115,66.36287468404562,1.7460073726628402,24.08506313071087,0.5649140523398513,0.30283633074113364,0.27966471132752596,0.3553396419721991,0.07335746653146394,12.689305588662855,26.39027724846457,2
0_4_5_6_6_3_4_5_6_6,41,[0],"[4, 5, 6, 6, 3, 4, 5, 6, 6]",0.42662569832760633,8.013183046842443,105.59638394154389,95.62491517218606,59.06267249234205,2.149029467461767,22.07041081106105,0.5947360259985038,0.4088502457575271,0.13360514057891518,0.40831989254532186,0.08126685778777068,13.278563938726313,29.085664044206993,2
0_5_6_6_6_3_4_5_6_6,1,[0],"[5, 6, 6, 6, 3, 4, 5, 6, 6]",0.32165652205554973,-7.907068006933224,102.08169608504944,100.56183437514296,63.81230010758602,1.5319238165764915,20.72945820928577,0.6253205314436331,0.4664297636756765,0.2973086032959609,0.44086546485222794,0.07783170728608006,15.44336195633388,26.128759410513055,4
0_1_5_6_6_3_4_5_6_6,23,[0],"[1, 5, 6, 6, 3, 4, 5, 6, 6]",0.6363994331729375,9.928698982050978,110.43247349397802,95.34489858848762,53.179837558078304,2.286016071673392,21.965651924638276,0.6761458193936084,0.5720370348617176,0.26917352258163113,0.34765060073878257,0.054795574312545975,12.402736790337043,22.295978654677178,2
0_1_6_6_6_3_4_5_6_6,4,[0],"[1, 6, 6, 6, 3, 4, 5, 6, 6]",0.3082991076662201,9.543169313303412,111.31133111055642,101.96558589299279,50.66082229001537,1.509539959233883,16.544904471723363,0.5315225325839853,0.32003431773940844,0.2126962657641808,0.42050479017717096,0.08568740923114178,17.196520371274136,23.2433429429767,4
0_1_6_6_6_3_3_4_5_6,16,[0],"[1, 6, 6, 6, 3, 3, 4, 5, 6]",0.3728497778287824,-1.6939667982418127,117.8030121166679,101.79382403666564,53.58613072773457,1.7778079151514603,24.512427403779938,0.5625892381911105,0.3807981028535678,0.11458014317855698,0.45627944062041725,0.12370693168521656,14.819158572672412,24.755796383835303,3
0_4_6_6_6_3_3_4_5_6,12,[0],"[4, 6, 6, 6, 3, 3, 4, 5, 6]",0.3145164314403182,3.692050013945658,113.13616579105623,103.93305312210998,62.92956845303271,1.503797394536861,21.688497059360405,0.45047071072199213,0.3130660172129805,0.2707354310933595,0.4513774092725705,0.1464252385530447,15.879920719622195,27.36973458584676,4
0_4_6_6_6_3_3_3_5_6,23,[0],"[4, 6, 6, 6, 3, 3, 3, 5, 6]",0.6424231652949391,-4.682748007137212,118.87721223043602,100.9615955623423,58.28734351687408,2.2030489135209863,24.98987799745979,0.6914416472250304,0.33524444922873986,0.10555302994468306,0.4339747368268675,0.0832332832310796,17.523993771647913,24.960011771782852,0
0_4_6_6_6_3_3_3_4_6,62,[0],"[4, 6, 6, 6, 3, 3, 3, 4, 6]",0.3192762602649673,-4.623982551810675,110.74942050523616,96.31759002008451,64.16754543756001,1.781028226901436,19.800862565063902,0.4508552444584742,0.44019447297657466,0.1439650334357538,0.3310002529746651,0.07529305452076969,13.21347645687293,27.842426825741555,1
0_4_6_6_6_3_4_5_6_6,40,[0],"[4, 6, 6, 6, 3, 4, 5, 6, 6]",0.3845450571636506,-8.367184426964297,112.58701722222438,96.36146096160684,64.61538782016345,1.567725265044458,15.495271033004393,0.4491238609352427,0.33477739669622886,0.1575383683364759,0.46573260408414185,0.08671114106543641,14.614506365956238,24.518599853814848,1
0_4_6_6_6_3_3_4_6_6,70,[0],"[4, 6, 6, 6, 3, 3, 4, 6, 6]",0.37926017767670156,-0.20572378039751538,103.97912910586201,95.17453144811417,53.344532382496624,1.8425163660077453,15.832387074521858,0.4167624067094099,0.34034113969600716,0.29506296525291437,0.4023258958713385,0.12215204395559666,13.846502887485222,20.728721854866592,4
0_4_6_6_6_1_3_3_6_6,27,[0],"[4, 6, 6, 6, 1, 3, 3, 6, 6]",0.30455612350262007,9.052768038259622,106.86959200399842,104.7760235262966,69.55619325622243,1.9368456047714329,16.566822941171473,0.5399688036406853,0.4216364169961873,0.1978287805442249,0.4112542109476611,0.05062645397223599,12.350392293007538,24.76252333555793,4
0_6_6_6_6_1_3_3_6_6,2,[0],"[6, 6, 6, 6, 1, 3, 3, 6, 6]",0.433174834723441,-6.627385134705273,108.56787346037551,102.94358666609725,51.72234578208144,2.353599449366853,22.671378635821437,0.5847173780687193,0.5787763484844826,0.11025177600306908,0.4567374267148215,0.10739671603339612,15.765994820069523,22.35057594047091,5
0_1_6_6_6_1_3_3_6_6,29,[0],"[1, 6, 6, 6, 1, 3, 3, 6, 6]",0.3183123886299095,-3.5048579530611113,111.93198826568855,95.66438966221733,64.85424898598845,1.8670853713347566,21.449492614408904,0.4532870323694265,0.5309618255087442,0.11088601054620191,0.3539426616662449,0.08735448893233916,15.209037396351565,20.806924365382585,1
0_6_6_6_6_1_3_3_3_6,23,[0],"[6, 6, 6, 6, 1, 3, 3, 3, 6]",0.5099020171624031,-0.8705352545839284,113.82354757659044,103.46408766014083,69.81191027283427,2.2213685894581667,21.165191621756847,0.47412620771324643,0.42693178339384225,0.20573964557672425,0.3648272085821842,0.06723829933682675,15.315238423792767,28.044488440105006,1
0_6_6_6_6_3_3_3_6_6,16,[0],"[6, 6, 6, 6, 3, 3, 3, 6, 6]",0.48230115022805503,6.628089033638753,108.97038742299574,98.29751337234467,61.613119958026715,2.074045818501035,19.44152391204776,0.5631004812324345,0.34415667494429114,0.10791185621657072,0.39532186892318294,0.14078095141012306,14.18135084878447,25.203187960804733,2
1_3_5_6_6_1_3_5_6_6,35,[1],"[3, 5, 6, 6, 1, 3, 5, 6, 6]",0.5210520923944174,-1.8839931620215644,105.25698700514363,104.28677578724192,69.34223803648496,1.5446135780653032,21.731731402483316,0.5947619008884619,0.5091195779398597,0.18765449184306623,0.4910738645788862,0.13279834352489203,15.438943168045038,28.75977825131943,4
1_3_4_5_6_1_3_5_6_6,1,[1],"[3, 4, 5, 6, 1, 3, 5, 6, 6]",0.6184762981805111,8.42744164894288,111.01058316043138,102.44295592283724,64.36336994695914,2.102367919593055,22.82455293067968,0.46447967405945256,0.4863163158195913,0.1725236916721861,0.45446621801560316,0.11019354242196346,16.831232280203405,26.531030588020343,3
1_3_4_5_6_1_3_5_5_6,18,[1],"[3, 4, 5, 6, 1, 3, 5, 5, 6]",0.5564851143196495,-8.099254983284801,111.81731808114866,95.82882804792993,66.43331705656355,2.179930397047422,16.661466071501042,0.4463367420442456,0.3154758024661254,0.17288534033931263,0.32291583564444354,0.08423586975061285,14.503555352164984,26.324409596460903,1
1_3_4_5_6_1_3_4_5_5,37,[1],"[3, 4, 5, 6, 1, 3, 4, 5, 5]",0.5406421409898698,-9.918744399776589,106.02428886256018,98.19084248706056,67.05930246110788,2.395801064981867,16.799549667522925,0.41225194911040136,0.47556342019437614,0.16227221600133987,0.4590424460297896,0.058575278593329075,13.55232243833224,25.258104184431822,1
3_4_5_5_6_1_3_4_5_5,1,[3],"[4, 5, 5, 6, 1, 3, 4, 5, 5]",0.44349630487890085,-7.199948199781188,115.12332696687852,103.93408613142891,58.5519715584944,1.8618138369723543,23.769693929053034,0.5605950082926541,0.5640723007553788,0.16913944615214607,0.46737471155163035,0.10218311397510853,13.392084888751125,23.561457933851337,4
3_4_4_5_5_1_3_4_5_5,1,[3],"[4, 4, 5, 5, 1, 3, 4, 5, 5]",0.6031918770772287,-8.335083869862965,111.05537643670894,98.6204081619408,52.92235785736511,1.7579582958496596,18.552335667431954,0.5004101653334997,0.5391458703466703,0.25283399562593745,0.44930270756720514,0.0766562476415334,12.481131339745463,25.198712520511748,4
3_4_4_5_5_3_4_4_5_5,20,[3],"[4, 4, 5, 5, 3, 4, 4, 5, 5]",0.42887778570288376,6.208471137864904,109.54396942874797,102.64933575977248,64.81812644743187,2.0112172494823772,24.729667488401446,0.44045034093137264,0.3677712875417228,0.25087072353495826,0.3331760416260638,0.08359490201111178,17.68652018023669,25.709207800428906,3
3_4_4_5_5_4_4_5_5_6,58,[3],"[4, 4, 5, 5, 4, 4, 5, 5, 6]",0.37190418674301773,-2.007231715912905,102.41761151933649,103.94387836990036,60.10387726094292,1.5205970472464876,23.64206753038819,0.6242963917457226,0.3823895634389033,0.17174106790170823,0.3078345553082695,0.10194429304878061,15.674806678151782,29.154986829877625,3
1_3_4_5_5_4_4_5_5_6,2,[1],"[3, 4, 5, 5, 4, 4, 5, 5, 6]",0.47954382775532567,-7.478219747732389,105.46576327335876,98.22212591562705,68.10227933403417,2.138746409826532,15.481820336386626,0.5197280398028985,0.5663289496109062,0.10589213315720739,0.3005475508268756,0.09555564269422623,15.048622082271631,25.35041772420764,1
1_3_4_5_5_3_4_4_5_6,1,[1],"[3, 4, 5, 5, 3, 4, 4, 5, 6]",0.32787034550847244,-2.186727334736198,104.53974749743378,100.68589261969701,65.4564311605585,1.6634620204078394,21.051547108285874,0.58582876425776,0.5140430919650091,0.11699173358807882,0.3030529928524297,0.10879513690827326,16.449113157205126,20.594113324867088,3
1_3_4_5_5_1_3_4_5_6,7,[1],"[3, 4, 5, 5, 1, 3, 4, 5, 6]",0.5550217523568187,1.9530006427598368,117.17191774547942,99.27843271679899,65.16440765491706,2.365207616742718,24.9865035866475,0.4995454526973465,0.4124087167953677,0.29525882693032696,0.4729763362510422,0.07243510944316245,17.451622598577146,26.853744948940374,4
3_4_4_5_6_1_3_5_5_6,70,[3],"[4, 4, 5, 6, 1, 3, 5, 5, 6]",0.6278427326208236,-0.00490099179073944,112.52890722967234,103.02414352053624,62.16864121818728,2.4487226246792053,20.86073129747906,0.5504418526912436,0.5649395364215116,0.24801745054391974,0.31702170815172126,0.08380814117631817,15.716084435941468,20.19698181647178,5
3_4_4_5_6_3_4_5_5_6,18,[3],"[4, 4, 5, 6, 3, 4, 5, 5, 6]",0.46525142239948475,3.212336128437474,106.02415242915178,104.85175472703692,61.60686780912143,2.113075922206531,20.060006767357336,0.450007061853605,0.46864316872517675,0.1729885232963839,0.33341973367428285,0.09924887367305138,15.092906737513479,20.120102561365194,3
4_4_4_5_6_3_4_5_5_6,47,[4],"[4, 4, 5, 6, 3, 4, 5, 5, 6]",0.5772451827314263,0.5596345814384662,100.0252808495947,97.12328246594751,60.7327019161406,1.9498195080317182,21.11580436446413,0.6423916535191692,0.49176803744084063,0.14089825818817864,0.4953781427171959,0.06870749079074956,13.391745339687173,23.439280764107476,0
1_4_4_5_6_3_4_5_5_6,4,[1],"[4, 4, 5, 6, 3, 4, 5, 5, 6]",0.33620640303777855,6.411963593213819,114.4005218993026,98.49875901895548,58.069120038072036,1.5311618715571234,18.700491516984908,0.5433822162323272,0.42326316241619766,0.11222561487401271,0.3728593808601878,0.0793574738618533,15.963469574284684,21.14498858166611,3
1_3_4_5_6_3_4_5_5_6,13,[1],"[3, 4, 5, 6, 3, 4, 5, 5, 6]",0.6232753622317528,-9.594736304068698,113.32294575280342,100.10426677414512,51.58886304095816,2.2835172410282922,23.07501980985554,0.413720881265652,0.3301569887001777,0.25700808119342883,0.3974430585802741,0.11380828284927798,14.137387628207081,23.610055873807216,0
1_3_5_6_6_3_4_5_5_6,2,[1],"[3, 5, 6, 6, 3, 4, 5, 5, 6]",0.3584997726457177,1.876111710691366,101.77468726939445,102.87255921992852,61.0107172297467,2.3794765808063993,22.664348602279425,0.4707126980362114,0.31537924591837996,0.1008156390721533,0.4075876031469818,0.13422382185548146,17.569556651937308,24.55372384096702,3
3_4_5_6_6_1_3_4_5_5,15,[3],"[4, 5, 6, 6, 1, 3, 4, 5, 5]",0.6434974600920849,6.30106398121236,103.06096886882756,101.6766452161327,57.527118300506146,2.011529345123823,20.219882136869963,0.5224020107561897,0.5666100548176051,0.1086396636384212,0.31461760838799485,0.07422873577414399,12.55528867314466,25.764394268717112,2
1_3_6_6_6_1_1_6_6_6,39,[1],"[3, 6, 6, 6, 1, 1, 6, 6, 6]",0.4823752014335505,-2.281346984480921,106.94298505651996,99.58354995640009,60.157547452959804,2.1955953971373603,18.650921945168697,0.6743852758452749,0.5927474324267519,0.29665708840419236,0.44846460288874546,0.14526995926766964,12.325183864773619,22.47625347413604,5
1_3_6_6_6_0_1_1_6_6,9,[1],"[3, 6, 6, 6, 0, 1, 1, 6, 6]",0.3752821774901868,4.639806763774466,103.22761404565209,95.34866716287887,60.080535238283616,2.02178663717132,21.146208038037006,0.541606681870012,0.3842044068741165,0.24298893124865487,0.40088201720701755,0.05816941309202142,12.381229407694114,28.319830915037503,2
1_3_3_6_6_0_1_1_6_6,8,[1],"[3, 3, 6, 6, 0, 1, 1, 6, 6]",0.4013013527767478,0.2435834873897913,109.33671677083865,102.34535190361676,53.892817636289344,1.9990338360189592,22.335439538242447,0.527583238564246,0.3589194672143431,0.2157246032518645,0.3798678762226641,0.13916824802867875,17.306508758564565,20.34430113739711,3
1_3_3_4_6_0_1_1_6_6,13,[1],"[3, 3, 4, 6, 0, 1, 1, 6, 6]",0.38419002429872856,9.770166409414031,114.6300343379276,95.3077388650211,64.2212929911378,2.2343931959173786,23.00630930975115,0.6195525302378004,0.3115725938359563,0.10241530812885823,0.46316882810073057,0.10742316726756457,14.698028098942437,22.528553618389438,0
3_3_4_4_6_0_1_1_6_6,1,[3],"[3, 4, 4, 6, 0, 1, 1, 6, 6]",0.6595679500627869,-1.7678385626659998,106.40826835070823,97.11700846347917,65.14191735451992,1.5321569780147528,21.9331626815423,0.5203829386442537,0.5549108635610793,0.2428820720234324,0.33378814699814485,0.05070137144856414,14.686364237077528,25.891908699795643,1
1_3_3_4_4_0_1_1_6_6,1,[1],"[3, 3, 4, 4, 0, 1, 1, 6, 6]",0.31039537447287824,8.802968153093502,112.82421474172394,98.05152528207387,65.8182212713183,2.4605856958537133,22.448962804062948,0.6363071905218556,0.3577375293581463,0.18145948512471627,0.32457700807308004,0.14985909986449317,15.648401699307746,21.285995137158864,3
1_3_3_4_4_0_1_1_4_6,1,[1],"[3, 3, 4, 4, 0, 1, 1, 4, 6]",0.3171671495447207,-3.0444868580732543,105.85609935796214,104.40911125598063,68.11136399145775,1.5716113141307702,23.9105664022622,0.6267801749025634,0.43399953172371264,0.17071305398352618,0.4879910982880162,0.14645571306531482,15.375459387391793,25.63625705673861,4
1_3_3_4_4_0_1_4_5_6,6,[1],"[3, 3, 4, 4, 0, 1, 4, 5, 6]",0.32824266717325884,0.6930228572702934,118.48309326062294,95.70201391252952,66.49008192660129,1.7092263601990845,16.87698149800303,0.5557171206971849,0.3124555721011605,0.2604852012101684,0.4052295326933279,0.13414554946147852,17.70427610938092,25.748058552951697,4
1_3_3_4_4_0_0_1_4_5,10,[1],"[3, 3, 4, 4, 0, 0, 1, 4, 5]",0.4653137315768497,-5.073517298213321,108.57277877942755,98.67747599565939,60.20690259826355,1.5916847057407586,20.293317615030986,0.4355277345055659,0.34214161652306885,0.14205967804579703,0.35164189193568973,0.13652247651242572,15.899796710085322,21.50639381337237,3
1_3_4_4_6_0_0_1_4_5,1,[1],"[3, 4, 4, 6, 0, 0, 1, 4, 5]",0.4180794569865098,-7.28875773396132,117.51028880942523,96.26573990353795,51.6417575423893,1.7513893540518937,16.53208869618767,0.6518821822199662,0.5512880551549311,0.2994834454275666,0.4342390473581008,0.14439072780057144,17.378527490056946,24.500704676822167,4
1_3_4_4_6_0_0_4_4_5,50,[1],"[3, 4, 4, 6, 0, 0, 4, 4, 5]",0.5603341298171568,8.454788147141954,108.94972622501349,99.76843478568642,64.0519958370069,1.8596430303262421,18.50176677698559,0.623214828768137,0.4308814568637871,0.14205028382756651,0.46622910618160424,0.14933257246592418,17.072991053812764,20.191691759602694,3
1_1_3_4_6_0_0_4_4_5,1,[1],"[1, 3, 4, 6, 0, 0, 4, 4, 5]",0.6973943399650921,-5.259222548475799,100.4147974208771,98.28637955414527,64.59020593765294,1.7300415740947181,23.675931175205836,0.6874824443837924,0.45582180461215527,0.1365195324634612,0.3678883034795363,0.07852565940583583,16.29271254282461,28.79164441768949,2
1_3_4_6_6_0_0_4_4_5,6,[1],"[3, 4, 6, 6, 0, 0, 4, 4, 5]",0.48699087288226717,-7.269849426339503,103.52067700966782,97.59404467184036,52.70350719961394,1.6183819845859173,17.86832240311441,0.533019174182933,0.47846994205230997,0.21357784707103356,0.4360122017863421,0.14119852711422223,15.101430570508136,20.781171457617443,3
1_3_4_6_6_0_4_4_5_6,8,[1],"[3, 4, 6, 6, 0, 4, 4, 5, 6]",0.6536625833270581,9.558484147130692,100.96353469489283,95.75887724546516,50.49945102986932,2.3024380144900127,24.295466832349334,0.5359160488122314,0.49705508512855734,0.1007227771189522,0.4413099616047423,0.07487192151117586,15.204847557914308,21.183305065521857,0
1_3_4_6_6_4_4_5_6_6,6,[1],"[3, 4, 6, 6, 4, 4, 5, 6, 6]",0.37977230353152697,-9.817821000149202,104.01877551860808,102.67783204705063,58.37895919989954,1.7684087026959974,24.567524257691765,0.5208320617058938,0.3702244507784321,0.15961539986094517,0.4708181100168148,0.11170807989312785,16.367513323097683,20.06237433800359,3
1_3_3_4_6_4_4_5_6_6,1,[1],"[3, 3, 4, 6, 4, 4, 5, 6, 6]",0.3311078383105051,2.5470172166930927,117.94622928545893,97.97302056902558,58.00222445612256,2.011882736886107,18.167957571943013,0.6197221563283476,0.30254741381666417,0.21153226764258135,0.4746529458610053,0.12290434886676764,16.14162901895996,26.707834863827213,4
1_3_3_6_6_4_4_5_6_6,1,[1],"[3, 3, 6, 6, 4, 4, 5, 6, 6]",0.5845316569003158,4.051637649440245,118.33059722897114,100.6171957066369,66.27898024731927,2.173482740300507,21.615918830589965,0.6205773000727716,0.4602461000400348,0.21374509388578425,0.32322680833350664,0.14779860701398034,12.286612241378695,28.39925558387478,2
1_3_3_6_6_1_4_4_6_6,1,[1],"[3, 3, 6, 6, 1, 4, 4, 6, 6]",0.39809388028486886,-8.783022298013366,102.63570012023928,95.87427450492004,58.48367336486694,1.9083324172316178,19.60534347904638,0.6217432429402722,0.5753969767392944,0.21315365758978325,0.4792217748440406,0.13818433321901907,13.657286538712045,28.716311833493485,4
1_3_3_6_6_1_1_4_6_6,1,[1],"[3, 3, 6, 6, 1, 1, 4, 6, 6]",0.6042771867756672,9.005651354916271,110.25137316853468,104.62961730824276,55.9517419133982,2.134075286335615,17.809472871859146,0.5119857094744623,0.4558251420865928,0.2911938739739983,0.4093762614306805,0.08793361583069689,17.577799138688164,20.830340911524107,5
1_3_3_6_6_1_1_6_6_6,13,[1],"[3, 3, 6, 6, 1, 1, 6, 6, 6]",0.4916530268856724,-9.021999370338493,103.71490088916997,104.47090500944284,51.113840767746424,2.366079638828001,23.805376264618403,0.465685687461818,0.5661422540967973,0.16812440214925664,0.37821667635311634,0.12725314486100223,12.606734427636624,23.163097138354384,5
3_3_6_6_6_1_1_6_6_6,25,[3],"[3, 6, 6, 6, 1, 1, 6, 6, 6]",0.5185567953101399,-9.83521640441359,100.5145253609772,97.6360235893929,64.62512457665441,1.6398970855315615,16.407480114828896,0.45641034293006993,0.3843511362519568,0.2326014757888081,0.3690793398005274,0.13021124586404395,16.4019756059238,26.698418732862365,1
3_3_4_6_6_1_1_6_6_6,11,[3],"[3, 4, 6, 6, 1, 1, 6, 6, 6]",0.3429539129614243,4.211451663210928,100.38232135334964,102.95391572139532,54.51388220026559,2.1149914189081684,18.872695802215027,0.6221992353031042,0.3093545717181026,0.1512935896721745,0.3413486592310236,0.08763658172924123,14.983951758909535,25.190216951258275,3
3_3_4_6_6_0_1_1_6_6,87,[3],"[3, 4, 6, 6, 0, 1, 1, 6, 6]",0.6710851985583578,2.2621680038067993,114.0694119363001,104.33986568510336,60.61508965198798,1.702149364941555,17.40555081059681,0.45024593668446705,0.5077318369267595,0.2384074543157601,0.49712752236007274,0.10202774323815632,13.90684396911342,29.9804151456105,4
3_3_4_6_6_0_1_5_6_6,12,[3],"[3, 4, 6, 6, 0, 1, 5, 6, 6]",0.3609424228861935,0.28951834675923216,116.15183525133017,101.37039880294496,59.46821479576298,2.0771451480826855,21.033421169171127,0.46877099935812183,0.3103436246101535,0.14929522336795847,0.31839008100124283,0.1322971669427387,14.827323505126312,24.07679998673428,3
0_3_3_4_6_0_1_5_6_6,1,[0],"[3, 3, 4, 6, 0, 1, 5, 6, 6]",0.6511355763470474,-2.5044244927343295,103.65746877541011,96.35203903561667,55.39693891601485,2.3569332614773115,21.325959882913978,0.6593572349090266,0.3764690887455492,0.2382372416704135,0.3330746215461503,0.10974233159128968,16.062149897897022,20.18371593877505,0
0_3_3_4_6_0_0_1_5_6,7,[0],"[3, 3, 4, 6, 0, 0, 1, 5, 6]",0.34208951672485854,8.768923422848019,107.59358158896633,98.90371087736126,66.57390145651738,1.9359416258292068,22.36740176257565,0.6770390176524813,0.46821230408474335,0.1069044843064604,0.400939560343919,0.14459878937134052,15.501321407327913,28.487639310070357,3
0_3_3_4_6_0_0_4_5_6,3,[0],"[3, 3, 4, 6, 0, 0, 4, 5, 6]",0.43321026802920565,-5.77936544653443,112.13924061076217,103.38038351906248,57.52526680037923,2.13691406276319,22.05302585458156,0.5837121521734882,0.4018908202827485,0.25655605360214007,0.40705841192628434,0.10102565565948089,14.252835287295431,25.820260118702137,5
