{
  "validation_timestamp": "2025-10-03T11:35:38.285783",
  "season": "2024-25",
  "data_summary": {
    "total_players": 303,
    "features_used": 47,
    "feature_names": [
      "FTPCT",
      "TSPCT",
      "THPAr",
      "FTr",
      "TRBPCT",
      "ASTPCT",
      "AVGDIST",
      "Zto3r",
      "THto10r",
      "TENto16r",
      "SIXTto3PTr",
      "HEIGHT",
      "WINGSPAN",
      "FRNTCTTCH",
      "TOP",
      "AVGSECPERTCH",
      "AVGDRIBPERTCH",
      "ELBWTCH",
      "POSTUPS",
      "PNTTOUCH",
      "DRIVES",
      "DRFGA",
      "DRPTSPCT",
      "DRPASSPCT",
      "DRASTPCT",
      "DRTOVPCT",
      "DRPFPCT",
      "DRIMFGPCT",
      "CSFGA",
      "CS3PA",
      "PASSESMADE",
      "SECAST",
      "POTAST",
      "PUFGA",
      "PU3PA",
      "PSTUPFGA",
      "PSTUPPTSPCT",
      "PSTUPPASSPCT",
      "PSTUPASTPCT",
      "PSTUPTOVPCT",
      "PNTTCHS",
      "PNTFGA",
      "PNTPTSPCT",
      "PNTPASSPCT",
      "PNTASTPCT",
      "PNTTVPCT",
      "AVGFGATTEMPTEDAGAINSTPERGAME"
    ]
  },
  "optimal_clustering": {
    "k_range": [
      2,
      3,
      4,
      5,
      6,
      7,
      8,
      9,
      10
    ],
    "silhouette_scores": [
      0.33261582778440985,
      0.18960355191840467,
      0.20731246988825835,
      0.1824246070102434,
      0.1635120816321659,
      0.1636695592552699,
      0.15861162176431265,
      0.16899383223091904,
      0.16605263118580493
    ],
    "calinski_harabasz_scores": [
      90.79267970299047,
      69.25697639846479,
      61.812349129900824,
      58.49283123192146,
      54.04059212666104,
      50.92812085728239,
      47.866760394467924,
      47.46133291467391,
      44.82427691154171
    ],
    "inertias": [
      3491.7574290491725,
      3109.365144035497,
      2805.225172852639,
      2546.020690465061,
      2379.8624014458965,
      2236.35296146529,
      2127.9868857887154,
      1983.4474080732084,
      1912.1907515490718
    ],
    "optimal_k_silhouette": 2,
    "optimal_k_calinski": 2,
    "max_silhouette": 0.33261582778440985,
    "max_calinski_harabasz": 90.79267970299047
  },
  "final_clustering": {
    "k": 2,
    "silhouette_score": 0.33261582778440985,
    "calinski_harabasz_score": 90.79267970299047,
    "inertia": 3491.7574290491725,
    "cluster_labels": [
      0,
      0,
      0,
      0,
      0,
      0,
      0,
      0,
      0,
      0,
      0,
      0,
      0,
      1,
      0,
      0,
      0,
      1,
      0,
      1,
      0,
      0,
      0,
      0,
      1,
      1,
      1,
      0,
      0,
      0,
      0,
      0,
      0,
      0,
      1,
      1,
      0,
      0,
      1,
      0,
      0,
      0,
      0,
      1,
      0,
      0,
      1,
      0,
      1,
      1,
      1,
      0,
      1,
      0,
      0,
      1,
      0,
      0,
      0,
      0,
      0,
      0,
      0,
      1,
      1,
      0,
      0,
      0,
      0,
      0,
      1,
      0,
      1,
      1,
      0,
      0,
      1,
      0,
      0,
      0,
      1,
      1,
      0,
      0,
      0,
      0,
      0,
      0,
      1,
      0,
      0,
      0,
      1,
      1,
      0,
      0,
      0,
      0,
      0,
      0,
      1,
      0,
      0,
      0,
      0,
      0,
      1,
      0,
      0,
      0,
      0,
      0,
      0,
      0,
      0,
      0,
      0,
      0,
      0,
      0,
      1,
      1,
      1,
      0,
      0,
      0,
      0,
      1,
      0,
      0,
      0,
      0,
      1,
      0,
      1,
      0,
      0,
      0,
      0,
      0,
      0,
      0,
      0,
      0,
      0,
      0,
      1,
      0,
      1,
      0,
      0,
      0,
      0,
      0,
      0,
      0,
      0,
      0,
      0,
      0,
      0,
      0,
      1,
      0,
      1,
      0,
      0,
      0,
      1,
      1,
      0,
      1,
      0,
      0,
      0,
      0,
      0,
      0,
      0,
      0,
      0,
      0,
      0,
      1,
      0,
      0,
      0,
      0,
      1,
      0,
      0,
      0,
      0,
      0,
      1,
      0,
      0,
      1,
      0,
      0,
      0,
      1,
      0,
      0,
      0,
      0,
      0,
      0,
      0,
      0,
      0,
      0,
      0,
      0,
      0,
      0,
      0,
      0,
      0,
      0,
      0,
      0,
      0,
      1,
      0,
      0,
      0,
      0,
      0,
      0,
      1,
      0,
      0,
      0,
      0,
      0,
      0,
      0,
      0,
      0,
      0,
      1,
      0,
      0,
      0,
      1,
      1,
      0,
      1,
      0,
      0,
      0,
      1,
      0,
      0,
      0,
      1,
      0,
      0,
      0,
      0,
      1,
      1,
      0,
      0,
      0,
      0,
      0,
      0,
      0,
      0,
      0,
      0,
      0,
      0,
      1,
      0,
      0,
      0,
      0,
      0,
      0,
      0,
      0,
      0,
      0,
      0,
      0,
      0,
      0,
      1,
      0,
      0,
      1,
      0,
      1,
      1,
      0,
      0,
      0,
      1,
      0,
      0
    ],
    "cluster_centers": [
      [
        0.7884208333333333,
        0.5666208333333334,
        0.5041405214072794,
        0.2075918717353977,
        0.0745,
        0.16045,
        16.146161710759724,
        1.0627894183602522,
        0.735606550727733,
        0.7673835671193341,
        2.1051927008177027,
        75.3625,
        78.62083333333334,
        0.0,
        0.0,
        0.0,
        0.0,
        0.0,
        0.0,
        0.0,
        0.0,
        0.0,
        0.0,
        0.0,
        0.0,
        0.0,
        0.0,
        0.0,
        3.4595833333333337,
        3.3112499999999994,
        0.0,
        0.0,
        0.0,
        0.0,
        0.0,
        0.0,
        0.0,
        0.0,
        0.0,
        0.0,
        0.0,
        0.0,
        0.0,
        0.0,
        0.0,
        0.0,
        0.0
      ],
      [
        0.6583015873015873,
        0.5932380952380952,
        0.10305269797506567,
        0.3333315062587841,
        0.14726984126984127,
        0.15287301587301588,
        7.088872375235427,
        3.1475819762187855,
        2.0683138290281153,
        0.4575696190752855,
        0.15873015873015994,
        77.41269841269842,
        81.56746031746032,
        0.0,
        0.0,
        0.0,
        0.0,
        0.0,
        0.0,
        0.0,
        0.0,
        0.0,
        0.0,
        0.0,
        0.0,
        0.0,
        0.0,
        0.0,
        1.1587301587301586,
        0.7492063492063501,
        0.0,
        0.0,
        0.0,
        0.0,
        0.0,
        0.0,
        0.0,
        0.0,
        0.0,
        0.0,
        0.0,
        0.0,
        0.0,
        0.0,
        0.0,
        0.0,
        0.0
      ]
    ],
    "cluster_analysis": {
      "cluster_0": {
        "size": 240,
        "percentage": 79.20792079207921,
        "center": [
          0.7884208333333333,
          0.5666208333333334,
          0.5041405214072794,
          0.2075918717353977,
          0.0745,
          0.16045,
          16.146161710759724,
          1.0627894183602522,
          0.735606550727733,
          0.7673835671193341,
          2.1051927008177027,
          75.3625,
          78.62083333333334,
          0.0,
          0.0,
          0.0,
          0.0,
          0.0,
          0.0,
          0.0,
          0.0,
          0.0,
          0.0,
          0.0,
          0.0,
          0.0,
          0.0,
          0.0,
          3.4595833333333337,
          3.3112499999999994,
          0.0,
          0.0,
          0.0,
          0.0,
          0.0,
          0.0,
          0.0,
          0.0,
          0.0,
          0.0,
          0.0,
          0.0,
          0.0,
          0.0,
          0.0,
          0.0,
          0.0
        ]
      },
      "cluster_1": {
        "size": 63,
        "percentage": 20.792079207920793,