{
  "validation_timestamp": "2025-10-03T15:08:00.810357",
  "season": "2024-25",
  "output_directory": "clustering_analysis_20251003_150759",
  "data_summary": {
    "total_players": 273,
    "original_features": 47,
    "pca_components": 23,
    "variance_explained": 0.9503515822868117,
    "feature_names": [
      "FTPCT",
      "TSPCT",
      "THPAr",
      "FTr",
      "TRBPCT",
      "ASTPCT",
      "AVGDIST",
      "Zto3r",
      "THto10r",
      "TENto16r",
      "SIXTto3PTr",
      "HEIGHT",
      "WINGSPAN",
      "FRNTCTTCH",
      "TOP",
      "AVGSECPERTCH",
      "AVGDRIBPERTCH",
      "ELBWTCH",
      "POSTUPS",
      "PNTTOUCH",
      "DRIVES",
      "DRFGA",
      "DRPTSPCT",
      "DRPASSPCT",
      "DRASTPCT",
      "DRTOVPCT",
      "DRPFPCT",
      "DRIMFGPCT",
      "CSFGA",
      "CS3PA",
      "PASSESMADE",
      "SECAST",
      "POTAST",
      "PUFGA",
      "PU3PA",
      "PSTUPFGA",
      "PSTUPPTSPCT",
      "PSTUPPASSPCT",
      "PSTUPASTPCT",
      "PSTUPTOVPCT",
      "PNTTCHS",
      "PNTFGA",
      "PNTPTSPCT",
      "PNTPASSPCT",
      "PNTASTPCT",
      "PNTTVPCT",
      "AVGFGATTEMPTEDAGAINSTPERGAME"
    ]
  },
  "pca_analysis": {
    "explained_variance_ratio": [
      0.2322508144384592,
      0.1754865192367939,
      0.08884152371826677,
      0.06664629622801349,
      0.04114086395378504,
      0.03790587909200086,
      0.032395149970806135,
      0.03014346834110893,
      0.026533390999180097,
      0.02407865114966375,
      0.02244133157796921,
      0.020710728346311862,
      0.020326288257568586,
      0.018999930911713953,
      0.016730823216484177,
      0.015507832030703049,
      0.014684906159029227,
      0.01335714707364547,
      0.011834051259206084,
      0.011123310856279628,
      0.010627017074858178,
      0.009953504515698429,
      0.00863215387926584
    ],
    "cumulative_variance": [
      0.2322508144384592,
      0.4077373336752531,
      0.49657885739351987,
      0.5632251536215334,
      0.6043660175753184,
      0.6422718966673192,
      0.6746670466381254,
      0.7048105149792343,
      0.7313439059784144,
      0.7554225571280782,
      0.7778638887060474,
      0.7985746170523592,
      0.8189009053099278,
      0.8379008362216417,
      0.8546316594381259,
      0.870139491468829,
      0.8848243976278581,
      0.8981815447015036,
      0.9100155959607097,
      0.9211389068169893,
      0.9317659238918474,
      0.9417194284075459,
      0.9503515822868117
    ]
  },
  "optimal_clustering": {
    "k_range": [
      2,
      3,
      4,
      5,
      6,
      7,
      8,
      9,
      10,
      11,
      12,
      13,
      14,
      15,
      16,
      17,
      18,
      19,
      20
    ],
    "silhouette_scores": [
      0.18573074202170445,
      0.19719416185158534,
      0.20765757988245617,
      0.20697168267828053,
      0.1523381721629884,
      0.1180684894569807,
      0.11693924716027747,
      0.11273094775333159,
      0.10217558836956243,
      0.10209480936005554,
      0.0950677816130942,
      0.09391909072193304,
      0.10745950414394079,
      0.08974876360010176,
      0.08816571348642166,
      0.08405622798952203,
      0.09003929945858617,
      0.09645327584082507,
      0.08905236251983545
    ],
    "calinski_harabasz_scores": [
      57.19856562041708,
      57.451152064891915,
      56.83124378675273,
      49.73015895461167,
      45.63308767752545,
      41.23079378510809,
      38.715981398874995,
      35.88895310906599,
      33.015574804181455,
      31.121794044593432,
      29.742989282845997,
      27.891393115056868,
      26.40865281642752,
      25.403700266638168,
      25.154884624777573,
      23.37291848461644,
      22.68112590570948,
      22.56511046734887,
      20.90183545055436
    ],
    "davies_bouldin_scores": [
      1.9132356530577157,
      1.7102098610671443,
      1.36697362753024,
      1.4363031439434513,
      1.7235658662174769,
      1.945023147669032,
      1.8949638766486443,
      1.9283257623922028,
      1.983563420337165,
      1.8685078016499952,
      1.9934581163238108,
      2.0036285634251096,
      1.9099104374535563,
      1.9784097175084738,
      1.9180299690527518,
      1.9694917353548442,
      1.880447921400779,
      1.9015148580594166,
      1.828321348155482
    ],
    "inertias": [
      10068.793158898894,
      8553.77968851239,
      7463.532050439743,
      6999.008692545798,
      6575.151202538674,
      6318.055973051568,
      6028.597289493882,
      5841.2953001266,
      5725.373640894295,
      5573.478421528433,
      5411.034676287206,
      5331.171010271877,
      5243.517291511402,
      5126.754224726888,
      4940.45885980353,
      4955.2683912263965,
      4854.13885303031,
      4691.60489547393,
      4745.280244146512
    ],
    "optimal_k_silhouette": 4,
    "optimal_k_calinski": 3,
    "optimal_k_davies": 4,
    "optimal_k_inertia": "6",
    "max_silhouette": 0.20765757988245617,
    "max_calinski_harabasz": 57.451152064891915,
    "min_davies_bouldin": 1.36697362753024
  },
  "final_clustering": {
    "k": 4,
    "silhouette_score": 0.20765757988245617,
    "calinski_harabasz_score": 56.83124378675273,
    "davies_bouldin_score": 1.36697362753024,
    "inertia": 7463.532050439743,
    "cluster_labels": [
      2,
      2,
      2,
      1,
      3,
      2,
      2,
      1,
      1,
      2,
      2,
      2,
      1,
      2,
      2,
      0,
      1,
      2,
      0,
      1,
      2,
      0,
      2,
      2,
      1,
      1,
      2,
      2,
      1,
      0,
      0,
      1,
      0,
      1,
      2,
      2,
      1,
      0,
      1,
      2,
      1,
      0,
      1,
      0,
      0,
      0,
      2,
      2,
      2,
      0,
      1,
      2,
      1,
      0,
      1,
      0,
      0,
      1,
      1,
      1,
      2,
      0,
      1,
      1,
      1,
      1,
      2,
      2,
      0,
      1,
      2,
      1,
      0,
      1,
      0,
      1,
      2,
      1,
      1,
      2,
      2,
      1,
      2,
      1,
      2,
      1,
      0,
      1,
      0,
      0,
      0,
      1,
      2,
      2,
      1,
      0,
      1,
      1,
      2,
      2,
      0,
      1,
      2,
      1,
      1,
      1,
      1,
      1,
      2,
      2,
      3,
      1,
      1,
      1,
      2,
      0,
      2,
      0,
      1,
      1,
      1,
      1,
      1,
      3,
      1,
      1,
      2,
      1,
      2,
      2,
      1,
      2,
      0,
      2,
      0,
      1,
      2,
      1,
      2,
      0,
      1,
      0,
      1,
      2,
      1,
      2,
      1,
      1,
      1,
      2,
      2,
      2,
      1,
      0,
      1,
      2,
      1,
      1,
      0,
      1,
      2,
      2,
      1,
      1,
      0,
      1,
      2,
      0,
      2,
      2,
      2,
      1,
      1,
      1,
      2,
      1,
      1,
      2,
      2,
      1,
      1,
      1,
      1,
      1,
      1,
      2,
      1,
      1,
      2,
      2,
      2,
      1,
      1,
      0,
      2,
      1,
      1,
      2,
      1,
      2,
      0,
      1,
      1,
      2,
      2,
      2,
      2,
      1,
      1,
      1,
      2,
      0,
      1,
      1,
      1,
      0,
      0,
      2,
      0,
      1,
      1,
      1,
      1,
      1,
      1,
      1,
      0,
      1,
      1,
      1,
      0,
      0,
      0,
      2,
      1,
      1,
      1,
      2,
      1,
      1,
      1,
      1,
      1,
      1,
      1,
      0,
      1,
      2,
      1,
      1,
      1,
      1,
      1,
      1,
      1,
      1,
      2,
      1,
      2,
      2,
      0,
      1,
      1,
      0,
      1,
      0,
      0,
      1,
      2,
      1,
      1,
      1,
      1
    ],