{
  "summary": {
    "total_tests": 4,
    "passed_tests": 4,
    "pass_rate": 100.0,
    "validation_status": "PASS"
  },
  "test_results": [
    {
      "test_name": "basic_skill_impact",
      "passed": true,
      "actual_value": 0.32457559103347977,
      "expected_value": 9.452666666666666,
      "difference": 9.128091075633186,
      "tolerance": 0.1,
      "details": {
        "high_skill_avg": 5.406,
        "low_skill_avg": -4.046666666666667,
        "skill_difference": 9.452666666666666,
        "high_prediction": -3.253222550016428,
        "low_prediction": -3.577798141049908,
        "prediction_difference": 0.32457559103347977
      }
    },
    {
      "test_name": "ball_dominance",
      "passed": true,
      "actual_value": -1.6105207429906256,
      "expected_value": -0.4319999999999995,
      "difference": 1.1785207429906261,
      "tolerance": 0.1,
      "details": {
        "single_handler_skill": 5.67,
        "multiple_handlers_skill": 5.238,
        "skill_improvement": -0.4319999999999995,
        "single_prediction": 0.31416413660496545,
        "multiple_prediction": -1.2963566063856602,
        "prediction_improvement": -1.6105207429906256,
        "single_enhancement": -1.62522,
        "multiple_enhancement": -3.6730125496954287,
        "single_archetypes": {
          "1": 1,
          "2": 4
        },
        "multiple_archetypes": {
          "1": 3,
          "2": 2
        }
      }
    },
    {
      "test_name": "defensive_impact",
      "passed": true,
      "actual_value": 0.5096348120315572,
      "expected_value": 1.9733333333333334,
      "difference": 1.4636985213017761,
      "tolerance": 0.1,
      "details": {
        "base_def_avg": -2.4533333333333336,
        "improved_def_avg": -0.48000000000000015,
        "def_skill_difference": 1.9733333333333334,
        "base_prediction": -2.9091644953497156,
        "improved_prediction": -2.3995296833181583,
        "prediction_difference": 0.5096348120315572
      }
    },
    {
      "test_name": "context_sensitivity",
      "passed": true,
      "actual_value": -0.956073050920561,
      "expected_value": 9.605,
      "difference": 10.561073050920562,
      "tolerance": 0.1,
      "details": {
        "context1_skill_avg": 5.47,
        "context2_skill_avg": -4.135,
        "skill_difference": 9.605,
        "context1_prediction": -3.253222550016428,
        "context2_prediction": -2.297149499095867,
        "prediction_difference": -0.956073050920561
      }
    }
  ]
}