{
  "possession_r2": 0.00016697622719630267,
  "possession_mse": 0.3109592828389575,
  "possession_correlation": 0.013267119676375864,
  "lineup_correlation": {
    "correlation": 0.041149845869970496,
    "n_lineups": 36,
    "status": "weak_signal"
  },
  "n_test_possessions": 125594
}