{
  "timestamp": "2025-10-03T15:29:34.968168",
  "total_archetype_lineups": 35,
  "features_calculated": 18,
  "feature_summary": {
    "WFGMPercUAST": {
      "mean": 0.08404801672527888,
      "std": 0.03460131028452469,
      "min": 0.03916666666666667,
      "max": 0.19909090909090907,
      "null_count": 0
    },
    "WFGMPercAST": {
      "mean": 0.14688677564438726,
      "std": 0.056525858729682715,
      "min": 0.0791304347826087,
      "max": 0.3055882352941176,
      "null_count": 0
    },
    "WThreeFGMPercUAST": {
      "mean": 0.03640320507947933,
      "std": 0.023530166423799577,
      "min": 0.0,
      "max": 0.10837209302325579,
      "null_count": 0
    },
    "WThreeFGMPercAST": {
      "mean": 0.19225594561422976,
      "std": 0.07329751977579925,
      "min": 0.1175177304964539,
      "max": 0.45454545454545453,
      "null_count": 0
    },
    "WTwoFGMPercUAST": {
      "mean": 0.10764800849769748,
      "std": 0.0445914521029154,
      "min": 0.06337322482846657,
      "max": 0.28909090909090907,
      "null_count": 0
    },
    "WTwoFGMPercAST": {
      "mean": 0.12326946982235774,
      "std": 0.05138431778475815,
      "min": 0.05434782608695653,
      "max": 0.28294117647058825,
      "null_count": 0
    },
    "WPercPTSPITP": {
      "mean": 0.09840411185434884,
      "std": 0.03668305995316189,
      "min": 0.05230769230769231,
      "max": 0.19499999999999998,
      "null_count": 0
    },
    "WPercPTSOffTO": {
      "mean": 0.03900086936224977,
      "std": 0.022142841823789467,
      "min": 0.01148936170212766,
      "max": 0.14209302325581394,
      "null_count": 0
    },
    "WPercPTSFT": {
      "mean": 0.03142493772902695,
      "std": 0.01138058139478139,
      "min": 0.005,
      "max": 0.06976744186046512,
      "null_count": 0
    },
    "WPercPTSFBPS": {
      "mean": 0.03149728388826291,
      "std": 0.01698331185367833,
      "min": 0.01049645390070922,
      "max": 0.08367647058823528,
      "null_count": 0
    },
    "WPercPTS3PT": {
      "mean": 0.08511137134108253,
      "std": 0.03703546516300993,
      "min": 0.0444181459566075,
      "max": 0.20930232558139533,
      "null_count": 0
    },
    "WPercPTSMR": {
      "mean": 0.0159809332165793,
      "std": 0.01170451049206226,
      "min": 0.002127659574468085,
      "max": 0.06999999999999999,
      "null_count": 0
    },
    "WPercPTS2PT": {
      "mean": 0.11437177510422347,
      "std": 0.0434589127571946,
      "min": 0.06390070921985816,
      "max": 0.2563636363636363,
      "null_count": 0
    },
    "WPercFGA3PT": {
      "mean": 0.09986056885134725,
      "std": 0.04324069293126834,
      "min": 0.050493096646942806,
      "max": 0.2504651162790697,
      "null_count": 0
    },
    "WPercFGA2PT": {
      "mean": 0.1310500275571265,
      "std": 0.044691950823860294,
      "min": 0.06879432624113475,
      "max": 0.25323529411764706,
      "null_count": 0
    },
    "WOppTORATIOpercent": {
      "mean": 0.03333820569119018,
      "std": 0.01607318481981375,
      "min": 0.01624113475177305,
      "max": 0.10511627906976742,
      "null_count": 0
    },
    "WOppFTARATE": {
      "mean": 0.05343773317300993,
      "std": 0.023264210425674215,
      "min": 0.0,
      "max": 0.1272093023255814,
      "null_count": 0
    },
    "WPACE": {
      "mean": 24.066455406534544,
      "std": 9.51173918391201,
      "min": 13.966666666666669,
      "max": 49.84651162790696,
      "null_count": 0
    }
  },
  "data_quality": {
    "total_minutes_sum": 10738.0,
    "archetype_count_sum": 2000,
    "missing_values": 0,
    "infinite_values": 0
  },
  "output_file": "lineup_features_20251003_152934.csv"
}