{
  "timestamp": "2025-10-03T15:32:22.552246",
  "total_archetype_lineups": 75,
  "features_calculated": 18,
  "feature_summary": {
    "WFGMPercUAST": {
      "mean": 0.06696304920694658,
      "std": 0.03412596557926432,
      "min": 0.0226890756302521,
      "max": 0.2857142857142857,
      "null_count": 0
    },
    "WFGMPercAST": {
      "mean": 0.11814970419940413,
      "std": 0.06020779511017375,
      "min": 0.04416666666666667,
      "max": 0.4285714285714286,
      "null_count": 0
    },
    "WThreeFGMPercUAST": {
      "mean": 0.029209520687147557,
      "std": 0.030874438032660614,
      "min": 0.0,
      "max": 0.25,
      "null_count": 0
    },
    "WThreeFGMPercAST": {
      "mean": 0.14493530791876844,
      "std": 0.06508734782827032,
      "min": 0.0,
      "max": 0.47619047619047616,
      "null_count": 0
    },
    "WTwoFGMPercUAST": {
      "mean": 0.08545826645489264,
      "std": 0.03872937993825837,
      "min": 0.018655462184873947,
      "max": 0.2857142857142857,
      "null_count": 0
    },
    "WTwoFGMPercAST": {
      "mean": 0.09965572180449067,
      "std": 0.056019374849065134,
      "min": 0.02469135802469136,
      "max": 0.4285714285714286,
      "null_count": 0
    },
    "WPercPTSPITP": {
      "mean": 0.07956805953330313,
      "std": 0.03997342596341537,
      "min": 0.02827160493827161,
      "max": 0.33357142857142863,
      "null_count": 0
    },
    "WPercPTSOffTO": {
      "mean": 0.028366208607902302,
      "std": 0.015873063637509583,
      "min": 0.0,
      "max": 0.09500000000000001,
      "null_count": 0
    },
    "WPercPTSFT": {
      "mean": 0.02838516737544564,
      "std": 0.029242183068291953,
      "min": 0.0,
      "max": 0.23785714285714288,
      "null_count": 0
    },
    "WPercPTSFBPS": {
      "mean": 0.023857844747285764,
      "std": 0.011879883585729325,
      "min": 0.0,
      "max": 0.09500000000000001,
      "null_count": 0
    },
    "WPercPTS3PT": {
      "mean": 0.06395308024677765,
      "std": 0.029922863983288837,
      "min": 0.0,
      "max": 0.19285714285714287,
      "null_count": 0
    },
    "WPercPTSMR": {
      "mean": 0.013198500994479584,
      "std": 0.016510166439293997,
      "min": 0.0,
      "max": 0.14285714285714285,
      "null_count": 0
    },
    "WPercPTS2PT": {
      "mean": 0.09276488469706522,
      "std": 0.05298865946367019,
      "min": 0.03530864197530864,
      "max": 0.4764285714285715,
      "null_count": 0
    },
    "WPercFGA3PT": {
      "mean": 0.07979883445191908,
      "std": 0.0454805830471943,
      "min": 0.01916666666666667,
      "max": 0.3064285714285714,
      "null_count": 0
    },
    "WPercFGA2PT": {
      "mean": 0.10531614927706211,
      "std": 0.046517135829315465,
      "min": 0.050277777777777775,
      "max": 0.40785714285714286,
      "null_count": 0
    },
    "WOppTORATIOpercent": {
      "mean": 0.02511299284926839,
      "std": 0.01165356855590237,
      "min": 0.0038271604938271606,
      "max": 0.08499999999999999,
      "null_count": 0
    },
    "WOppFTARATE": {
      "mean": 0.04944859322390547,
      "std": 0.03407135855616643,
      "min": 0.011936936936936938,
      "max": 0.24714285714285714,
      "null_count": 0
    },
    "WPACE": {
      "mean": 19.212500768408233,
      "std": 10.06892728445261,
      "min": 6.83611111111111,
      "max": 78.86428571428571,
      "null_count": 0
    }
  },
  "data_quality": {
    "total_minutes_sum": 10737.999999999998,
    "archetype_count_sum": 2000,
    "missing_values": 0,
    "infinite_values": 0
  },
  "output_file": "lineup_features_20251003_153222.csv"
}