archetype_id,beta_offensive,beta_defensive
0,0.12483570765056164,-0.12347371929674761
1,0.09308678494144078,-0.07287199782070176
2,0.13238442690503463,-0.12317088464062312
3,0.17615149282040127,-0.12328648767851284
4,0.08829233126383321,-0.0879018864216983
5,0.08829315215254098,-0.1956640122328899
6,0.17896064077536958,-0.18624589162565164
7,0.13837173645764544,-0.12811437646204865
