supercluster_id,beta_offensive,beta_defensive
0,0.09871688796655763,-0.19324717953120762
1,0.2314247332595274,-0.3424748186213457
2,0.1091975924478789,-0.25443827245251827
3,0.05876962986647083,-0.1889077410290134
4,0.3465648768921554,-0.3150993577422303
5,0.17742236995134644,-0.1624301981654328
