N,y,matchup,z_off_0,z_def_0,z_off_1,z_def_1,z_off_2,z_def_2,z_off_3,z_def_3,z_off_4,z_def_4,z_off_5,z_def_5,z_off_6,z_def_6,z_off_7,z_def_7
4,2,7,0.0,2.0,0.0,-1.0,0.5,0.0,0.0,2.0,2.5,0.0,0.0,-0.5,2.5,0.0,-0.5,0.0
4,0,7,0.0,2.0,0.0,-1.0,0.5,0.0,0.0,2.0,2.5,0.0,0.0,-0.5,2.5,0.0,-0.5,0.0
4,3,5,1.8,0.0,2.1,0.0,0.0,0.5,0.0,0.0,0.0,0.09999999999999998,5.8,0.0,0.0,2.6,-1.0,0.0
4,-2,5,1.8,0.0,2.1,0.0,0.0,0.5,0.0,0.0,0.0,0.09999999999999998,5.8,0.0,0.0,2.6,-1.0,0.0
