{
  "lineup_assignments": {
    "0_1_2_2_2": 0,
    "1_2_2_2_2": 1,
    "2_2_2_2_2": 1,
    "0_2_2_2_2": 1,
    "0_1_1_2_2": 0,
    "1_1_2_2_2": 0,
    "0_0_1_2_2": 0,
    "0_0_1_1_2": 0,
    "0_0_0_1_1": 0,
    "0_0_1_1_1": 0,
    "0_1_1_1_2": 0,
    "0_0_2_2_2": 0,
    "1_1_1_2_2": 0,
    "1_1_1_1_2": 0,
    "0_0_0_1_2": 0,
    "0_0_0_2_2": 0,
    "0_1_1_1_1": 0
  },
  "supercluster_reports": {
    "0": {
      "cluster_name": "Role Player Heavy",
      "num_lineups": 14,
      "lineup_ids": [
        "0_1_2_2_2",
        "0_1_1_2_2",
        "1_1_2_2_2",
        "0_0_1_2_2",
        "0_0_1_1_2",
        "0_0_0_1_1",
        "0_0_1_1_1",
        "0_1_1_1_2",
        "0_0_2_2_2",
        "1_1_1_2_2",
        "1_1_1_1_2",
        "0_0_0_1_2",
        "0_0_0_2_2",
        "0_1_1_1_1"
      ],
      "archetype_distribution": {
        "0": 21,
        "1": 28,
        "2": 21
      },
      "total_usage": 937411
    },
    "1": {
      "cluster_name": "Role Player Heavy",
      "num_lineups": 3,
      "lineup_ids": [
        "1_2_2_2_2",
        "2_2_2_2_2",
        "0_2_2_2_2"
      ],
      "archetype_distribution": {
        "1": 1,
        "2": 13,
        "0": 1
      },
      "total_usage": 211303
    }
  },
  "clustering_metrics": {
    "k": 2,
    "silhouette_score": 0.3806293083657461,
    "calinski_harabasz_score": 9.466851734992272,
    "davies_bouldin_index": 0.8344673944988016
  }
}