{
  "season": "2024-25",
  "k_range": [
    2,
    3,
    4,
    5,
    6,
    7,
    8,
    9,
    10,
    11,
    12,
    13,
    14,
    15
  ],
  "sse": [
    10295.1106198062,
    8584.284323928252,
    8109.597642789042,
    7662.9934477966335,
    7314.377325262885,
    7073.672880615415,
    6839.891523994976,
    6703.512335574202,
    6505.981355502088,
    6354.176825311373,
    6280.074264776272,
    6165.216136911961,
    6007.498031542368,
    5946.527003800735
  ],
  "silhouette_scores": [
    0.1683034121592335,
    0.18487687219140841,
    0.18594705731150613,
    0.12849263559622875,
    0.1136933230727203,
    0.1050419547797174,
    0.09689559927129673,
    0.08511182331675307,
    0.08810162495454182,
    0.08832629395523871,
    0.08696538225007468,
    0.08205439942010526,
    0.0743919740128302,
    0.08353209687433984
  ],
  "elbow_k": 4,
  "silhouette_k": 4,
  "recommended_k": 4,
  "plot_path": "analysis_results/archetype_k_analysis_2024_25.png"
}