{
  "k": 10,
  "silhouette_score": 0.35441684164205556,
  "calinski_harabasz_score": 91.71526245360678,
  "davies_bouldin_score": 0.3771649892282987,
  "inertia": 17.20374869358605,
  "supercluster_labels": [
    0,
    0,
    6,
    6,
    6,
    0,
    0,
    0,
    6,
    0,
    2,
    0,
    0,
    0,
    0,
    2,
    6,
    2,
    2,
    0,
    4,
    2,
    6,
    0,
    5,
    7,
    7,
    1,
    6,
    0,
    6,
    2,
    8,
    3,
    9
  ],
  "supercluster_centers": [
    [
      -1.4029827346644774,
      -0.013436378955942055,
      0.03390083575954466
    ],
    [
      9.032636316569953,
      0.029045547345382075,
      -0.9100715550322569
    ],
    [
      0.609484656158311,
      -0.21915116161162654,
      -0.05589454649587749
    ],
    [
      8.472749702280971,
      7.552086812333015,
      -0.31473642054093337
    ],
    [
      0.2993453983688285,
      0.9134840077405727,
      4.3127321892542145
    ],
    [
      11.522420259966873,
      -3.996011935075561,
      0.9048392255380823
    ],
    [
      -3.262480348208994,
      0.10541714837164105,
      0.058637062797803355
    ],
    [
      4.679323452303953,
      -1.1875735154696745,
      0.24663655822139002
    ],
    [
      -1.360349728774929,
      -0.4949848475055697,
      -2.941302134490936
    ],
    [
      3.3562615463406975,
      -0.9822298447746091,
      -2.119174509452191
    ]
  ],
  "supercluster_analysis": {
    "supercluster_0": {
      "name": "Three-Point Symphony",
      "size": 13,
      "percentage": 37.142857142857146,
      "center": [
        -1.4029827346644774,
        -0.013436378955942055,
        0.03390083575954466
      ]
    },
    "supercluster_1": {
      "name": "Half-Court Individual Shot Creators",
      "size": 1,
      "percentage": 2.857142857142857,
      "center": [
        9.032636316569953,
        0.029045547345382075,
        -0.9100715550322569
      ]
    },
    "supercluster_2": {
      "name": "Slashing Offenses",
      "size": 6,
      "percentage": 17.142857142857142,
      "center": [
        0.609484656158311,
        -0.21915116161162654,
        -0.05589454649587749
      ]
    },
    "supercluster_3": {
      "name": "All-Around with Midrange",
      "size": 1,
      "percentage": 2.857142857142857,
      "center": [
        8.472749702280971,
        7.552086812333015,
        -0.31473642054093337
      ]
    },
    "supercluster_4": {
      "name": "Chaos Instigators",
      "size": 1,
      "percentage": 2.857142857142857,
      "center": [
        0.2993453983688285,
        0.9134840077405727,
        4.3127321892542145
      ]
    },
    "supercluster_5": {
      "name": "Up-Tempo Distributors",
      "size": 1,
      "percentage": 2.857142857142857,
      "center": [
        11.522420259966873,
        -3.996011935075561,
        0.9048392255380823
      ]
    },
    "supercluster_6": {
      "name": "Supercluster 6",
      "size": 8,
      "percentage": 22.857142857142858,
      "center": [
        -3.262480348208994,
        0.10541714837164105,
        0.058637062797803355
      ]
    },
    "supercluster_7": {
      "name": "Supercluster 7",
      "size": 2,
      "percentage": 5.714285714285714,
      "center": [
        4.679323452303953,
        -1.1875735154696745,
        0.24663655822139002
      ]
    },
    "supercluster_8": {
      "name": "Supercluster 8",
      "size": 1,
      "percentage": 2.857142857142857,
      "center": [
        -1.360349728774929,
        -0.4949848475055697,
        -2.941302134490936
      ]
    },
    "supercluster_9": {
      "name": "Supercluster 9",
      "size": 1,
      "percentage": 2.857142857142857,
      "center": [
        3.3562615463406975,
        -0.9822298447746091,
        -2.119174509452191
      ]
    }
  },
  "total_lineups": 35,
  "models": {
    "scaler": "StandardScaler()",
    "pca": "PCA(n_components=0.9)",
    "kmeans": "KMeans(n_clusters=10, n_init=10, random_state=42)"
  }
}